composer,class,source_repository_or_dataset,source_version_or_commit,actual_source_item_id,actual_source_path_or_record_id,actual_title,actual_opus_or_catalogue,actual_movement,raw_format,source_file_hash_if_available,original_solo_piano,parseable,license_status,rc011_compatible,canonical_work_id,duplicate_group,eligible,exclusion_reason
Alexander Glazunov,Russian,"Audited open repositories (KernScores, PDMX, PERiScoPe, ATEPP, PianoCoRe)",exhausted_audit_2026,none,none,none,none,none,none,none,False,False,none,False,none,none,False,ZERO_SYMBOLIC_SOLO_PIANO_PIECES_AVAILABLE
Alexander Scriabin,Russian,craigsapp/scriabin,7daa1136a4edfaf8d2bfadee973c33f3b76b6760,scriabin-op01,op01/scriabin-op01.krn,Valse,Op. 1,1,**kern,95796ee5f04e69e3083074326e55519d6bf6e3a2d3fe9d47c27b2ff87284fbe8,True,True,CC-BY-NC-SA-4.0,True,scriabin_op01_n01,scriabin_op01_n01,True,NONE
Alexander Scriabin,Russian,craigsapp/scriabin,7daa1136a4edfaf8d2bfadee973c33f3b76b6760,scriabin-op02_no01,ccarh_kern/scriabin-op02_no01.krn,Trois Morceaux pour piano: Etude,Op. 2,1,**kern,f3c5955db5e3faf676ecbd0199d4712bffa6c221e367f6f59da13011ac2cff4f,True,True,CC-BY-NC-SA-4.0,True,scriabin_op02_n01,scriabin_op02_n01,True,NONE
Alexander Scriabin,Russian,craigsapp/scriabin,7daa1136a4edfaf8d2bfadee973c33f3b76b6760,scriabin-op2_no02,op02/scriabin-op2_no02.krn,3 Morceaux for piano: Prelude,Op. 2,2,**kern,596ca8b061d25fe582b21ef7575270141981860ca57b0841a6aa8926e3340c54,True,True,CC-BY-NC-SA-4.0,True,scriabin_op02_n02,scriabin_op02_n02,True,NONE
Alexander Scriabin,Russian,craigsapp/scriabin,7daa1136a4edfaf8d2bfadee973c33f3b76b6760,scriabin-op2_no03,op02/scriabin-op2_no03.krn,3 Morceaux for piano: Impromptu a la Mazur,Op. 2,3,**kern,b53d8f1c301a8f197494d140752acfe837b2928786809924baed6976fd21cd07,True,True,CC-BY-NC-SA-4.0,True,scriabin_op02_n03,scriabin_op02_n03,True,NONE
Alexander Scriabin,Russian,craigsapp/scriabin,7daa1136a4edfaf8d2bfadee973c33f3b76b6760,scriabin-op3_no01,op03/scriabin-op3_no01.krn,10 Mazurkas for piano: Mazurka,Op. 3,1,**kern,07e6f23f5a876991a6d5012123421ac17dda56ad411758540d08f01dc364b609,True,True,CC-BY-NC-SA-4.0,True,scriabin_op03_n01,scriabin_op03_n01,True,NONE
Alexander Scriabin,Russian,craigsapp/scriabin,7daa1136a4edfaf8d2bfadee973c33f3b76b6760,scriabin-op3_no02,op03/scriabin-op3_no02.krn,10 Mazurkas for piano: Mazurka,Op. 3,2,**kern,56eeb984014adac727d4b451efe9ec29cc51cccb8e2120b06c43ec4c19bd5a0f,True,True,CC-BY-NC-SA-4.0,True,scriabin_op03_n02,scriabin_op03_n02,True,NONE
Alexander Scriabin,Russian,craigsapp/scriabin,7daa1136a4edfaf8d2bfadee973c33f3b76b6760,scriabin-op3_no03,op03/scriabin-op3_no03.krn,10 Mazurkas for piano: Mazurka,Op. 3,3,**kern,c33f837610b34c16a960eacc14494dc85485a56f37c5f6d3f0b495da96e55392,True,True,CC-BY-NC-SA-4.0,True,scriabin_op03_n03,scriabin_op03_n03,True,NONE
Alexander Scriabin,Russian,craigsapp/scriabin,7daa1136a4edfaf8d2bfadee973c33f3b76b6760,scriabin-op3_no04,op03/scriabin-op3_no04.krn,10 Mazurkas for piano: Mazurka,Op. 3,4,**kern,1cf9a6f1931ff99deaaec68945f9e5b340b4a5f988d0f68e94687aba0d210387,True,True,CC-BY-NC-SA-4.0,True,scriabin_op03_n04,scriabin_op03_n04,True,NONE
Alexander Scriabin,Russian,craigsapp/scriabin,7daa1136a4edfaf8d2bfadee973c33f3b76b6760,scriabin-op3_no05,op03/scriabin-op3_no05.krn,10 Mazurkas for piano: Mazurka,Op. 3,5,**kern,bca1d4416d038f4babeed8efc7bc71906e109ce054da06060c38518e750c232e,True,True,CC-BY-NC-SA-4.0,True,scriabin_op03_n05,scriabin_op03_n05,True,NONE
Alexander Scriabin,Russian,craigsapp/scriabin,7daa1136a4edfaf8d2bfadee973c33f3b76b6760,scriabin-op3_no06,op03/scriabin-op3_no06.krn,10 Mazurkas for piano: Mazurka,Op. 3,6,**kern,191963b09826e0f81dc0f19fac92093f50485bbbf88ecccfa898c3b21b5dc2ac,True,True,CC-BY-NC-SA-4.0,True,scriabin_op03_n06,scriabin_op03_n06,True,NONE
Alexander Scriabin,Russian,craigsapp/scriabin,7daa1136a4edfaf8d2bfadee973c33f3b76b6760,scriabin-op3_no07,op03/scriabin-op3_no07.krn,10 Mazurkas for piano: Mazurka,Op. 3,7,**kern,a4d5d85f2444e912b16cba7eb5195689ac92c1cadc57d114ecc6f3fecc6a2079,True,True,CC-BY-NC-SA-4.0,True,scriabin_op03_n07,scriabin_op03_n07,True,NONE
Alexander Scriabin,Russian,craigsapp/scriabin,7daa1136a4edfaf8d2bfadee973c33f3b76b6760,scriabin-op3_no08,op03/scriabin-op3_no08.krn,10 Mazurkas for piano: Mazurka,Op. 3,8,**kern,1efa0ae5e84ef52ca5f71132f8e3273aac18aac53c8438fd51a53e5d0592cf23,True,True,CC-BY-NC-SA-4.0,True,scriabin_op03_n08,scriabin_op03_n08,True,NONE
Alexander Scriabin,Russian,craigsapp/scriabin,7daa1136a4edfaf8d2bfadee973c33f3b76b6760,scriabin-op3_no09,op03/scriabin-op3_no09.krn,10 Mazurkas for piano: Mazurka,Op. 3,9,**kern,1314e6137c61fa60513d25703e34f651b32e3d909ad920b569f0a8cc513a6dfb,True,True,CC-BY-NC-SA-4.0,True,scriabin_op03_n09,scriabin_op03_n09,True,NONE
Alexander Scriabin,Russian,craigsapp/scriabin,7daa1136a4edfaf8d2bfadee973c33f3b76b6760,scriabin-op3_no10,op03/scriabin-op3_no10.krn,10 Mazurkas for piano: Mazurka,Op. 3,10,**kern,26357faff6b1d076464f5968b274e601f25ac407b1c69dfbd5a8b27384070d48,True,True,CC-BY-NC-SA-4.0,True,scriabin_op03_n10,scriabin_op03_n10,True,NONE
Alexander Scriabin,Russian,craigsapp/scriabin,7daa1136a4edfaf8d2bfadee973c33f3b76b6760,scriabin-op04,op04/scriabin-op04.krn,Allegro appassionato,Op. 4,1,**kern,f66fb1a464d05cb9772ef8b8e136872623f0bbc2297aac005c7bf910c57e99fe,True,True,CC-BY-NC-SA-4.0,True,scriabin_op04_n01,scriabin_op04_n01,True,NONE
Alexander Scriabin,Russian,craigsapp/scriabin,7daa1136a4edfaf8d2bfadee973c33f3b76b6760,scriabin-op05_no01,op05/scriabin-op05_no01.krn,2 Nocturnes: Nocturne,Op. 5,1,**kern,3e4897135a0d46a32eec55ff89f8bede7d66a3ad7774bc22df08f9156b77bda5,True,True,CC-BY-NC-SA-4.0,True,scriabin_op05_n01,scriabin_op05_n01,True,NONE
Alexander Scriabin,Russian,craigsapp/scriabin,7daa1136a4edfaf8d2bfadee973c33f3b76b6760,scriabin-op05_no02,op05/scriabin-op05_no02.krn,2 Nocturnes: Nocturne,Op. 5,2,**kern,291554c8450fa7aac12a19a6d407652e4a7095469b9bb49a70f8ae52e91e6447,True,True,CC-BY-NC-SA-4.0,True,scriabin_op05_n02,scriabin_op05_n02,True,NONE
Alexander Scriabin,Russian,craigsapp/scriabin,7daa1136a4edfaf8d2bfadee973c33f3b76b6760,scriabin-op6_no01,op06/scriabin-op6_no01.krn,Sonata No. 1: Movement 1,Op. 6,1,**kern,a4098a2c3e563ed5364056c3d6b065bf2861080c102e3ae0e4443eaa427ce31d,True,True,CC-BY-NC-SA-4.0,True,scriabin_op06_n01,scriabin_op06_n01,True,NONE
Alexander Scriabin,Russian,craigsapp/scriabin,7daa1136a4edfaf8d2bfadee973c33f3b76b6760,scriabin-op6_no02,op06/scriabin-op6_no02.krn,Sonata No. 1: Movement 2,Op. 6,2,**kern,b230c7bd01fe9a851b04e165e7dc77bae73e23e514f074061c44848474be46b0,True,True,CC-BY-NC-SA-4.0,True,scriabin_op06_n02,scriabin_op06_n02,True,NONE
Alexander Scriabin,Russian,craigsapp/scriabin,7daa1136a4edfaf8d2bfadee973c33f3b76b6760,scriabin-op6_no03,op06/scriabin-op6_no03.krn,Sonata No. 1: Movement 3,Op. 6,3,**kern,a4d2cc70a79be7073a9b846344769cdc43a0d20ee6bd3ec20aca81f4cb4d00bf,True,True,CC-BY-NC-SA-4.0,True,scriabin_op06_n03,scriabin_op06_n03,True,NONE
Alexander Scriabin,Russian,craigsapp/scriabin,7daa1136a4edfaf8d2bfadee973c33f3b76b6760,scriabin-op6_no04,op06/scriabin-op6_no04.krn,Sonata No. 1: Movement 4,Op. 6,4,**kern,9701448a9e458623c59e722cbdaaa6e0b8de3e321a9c5bc8cca082ed3e8f8792,True,True,CC-BY-NC-SA-4.0,True,scriabin_op06_n04,scriabin_op06_n04,True,NONE
Alexander Scriabin,Russian,craigsapp/scriabin,7daa1136a4edfaf8d2bfadee973c33f3b76b6760,scriabin-op7_no01,op07/scriabin-op7_no01.krn,2 Impromptus à la Mazur: Impromptu à la Mazur,Op. 7,1,**kern,e9618405617d1bfa9aee3826418fe93ee1f954b6e33475c7ddf2fb27f1fcf759,True,True,CC-BY-NC-SA-4.0,True,scriabin_op07_n01,scriabin_op07_n01,True,NONE
Alexander Scriabin,Russian,craigsapp/scriabin,7daa1136a4edfaf8d2bfadee973c33f3b76b6760,scriabin-op7_no02,op07/scriabin-op7_no02.krn,2 Impromptus à la Mazur: Impromptu à la Mazur,Op. 7,2,**kern,d575c24d3f7dcefeb7d86de97ece953367a99a1da2126ee8f21bf3b1dc1195d8,True,True,CC-BY-NC-SA-4.0,True,scriabin_op07_n02,scriabin_op07_n02,True,NONE
Alexander Scriabin,Russian,craigsapp/scriabin,7daa1136a4edfaf8d2bfadee973c33f3b76b6760,scriabin-op08_no01,ccarh_kern/scriabin-op08_no01.krn,12 Etudes: Etude,Op. 8,1,**kern,f0bc8a76a00c3d9af790da64a870bfe140c044e39136745af1800c5c609b9a3c,True,True,CC-BY-NC-SA-4.0,True,scriabin_op08_n01,scriabin_op08_n01,True,NONE
Alexander Scriabin,Russian,craigsapp/scriabin,7daa1136a4edfaf8d2bfadee973c33f3b76b6760,scriabin-op08_no02,ccarh_kern/scriabin-op08_no02.krn,12 Etudes: Etude,Op. 8,2,**kern,fac601957f573c845e9e2436c52ec9c8f695e667cef4607d4f25095f6b317292,True,True,CC-BY-NC-SA-4.0,True,scriabin_op08_n02,scriabin_op08_n02,True,NONE
Alexander Scriabin,Russian,craigsapp/scriabin,7daa1136a4edfaf8d2bfadee973c33f3b76b6760,scriabin-op08_no03,ccarh_kern/scriabin-op08_no03.krn,12 Etudes: Etude,Op. 8,3,**kern,77f275de191d3418108ad5efc765516352f750a06efde7ef2ef06d362e6fc17d,True,True,CC-BY-NC-SA-4.0,True,scriabin_op08_n03,scriabin_op08_n03,True,NONE
Alexander Scriabin,Russian,craigsapp/scriabin,7daa1136a4edfaf8d2bfadee973c33f3b76b6760,scriabin-op08_no04,ccarh_kern/scriabin-op08_no04.krn,12 Etudes: Etude,Op. 8,4,**kern,51c479bf259d4ed6b0765e78afdb9a84944baf732437df0963538ee2f8859864,True,True,CC-BY-NC-SA-4.0,True,scriabin_op08_n04,scriabin_op08_n04,True,NONE
Alexander Scriabin,Russian,craigsapp/scriabin,7daa1136a4edfaf8d2bfadee973c33f3b76b6760,scriabin-op08_no05,ccarh_kern/scriabin-op08_no05.krn,12 Etudes: Etude,Op. 8,5,**kern,ce49dd4aafe80ad0fbbba29a4b0db56cd5de6f63ea5ae063d09349b1fc585f60,True,True,CC-BY-NC-SA-4.0,True,scriabin_op08_n05,scriabin_op08_n05,True,NONE
Alexander Scriabin,Russian,craigsapp/scriabin,7daa1136a4edfaf8d2bfadee973c33f3b76b6760,scriabin-op08_no06,ccarh_kern/scriabin-op08_no06.krn,12 Etudes: Etude,Op. 8,6,**kern,83c67782f5f9cc49c069ce23e99612c1d03fa0749a854168069a65fcb785d74f,True,True,CC-BY-NC-SA-4.0,True,scriabin_op08_n06,scriabin_op08_n06,True,NONE
Alexander Scriabin,Russian,craigsapp/scriabin,7daa1136a4edfaf8d2bfadee973c33f3b76b6760,scriabin-op8_no07,op08/scriabin-op8_no07.krn,12 Etudes: Etude,Op. 8,7,**kern,14d8f8dff508fb69f1213adc3e24c301ed5c8fcb652c849abad4765b5ce7db98,True,True,CC-BY-NC-SA-4.0,True,scriabin_op08_n07,scriabin_op08_n07,True,NONE
Alexander Scriabin,Russian,craigsapp/scriabin,7daa1136a4edfaf8d2bfadee973c33f3b76b6760,scriabin-op8_no08,op08/scriabin-op8_no08.krn,12 Etudes: Etude,Op. 8,8,**kern,3311da124c3763014b7675e888699a5c118ccf37cca58bd8bdc46d660c90bbf4,True,True,CC-BY-NC-SA-4.0,True,scriabin_op08_n08,scriabin_op08_n08,True,NONE
Alexander Scriabin,Russian,craigsapp/scriabin,7daa1136a4edfaf8d2bfadee973c33f3b76b6760,scriabin-op8_no09,op08/scriabin-op8_no09.krn,12 Etudes: Etude,Op. 8,9,**kern,d782d3639b9ee824432fdd76455030ecc1a3463706961f15198bfdf0200e5c96,True,True,CC-BY-NC-SA-4.0,True,scriabin_op08_n09,scriabin_op08_n09,True,NONE
Alexander Scriabin,Russian,craigsapp/scriabin,7daa1136a4edfaf8d2bfadee973c33f3b76b6760,scriabin-op8_no10,op08/scriabin-op8_no10.krn,12 Etudes: Etude,Op. 8,10,**kern,c44f9218ea2aa60902f948d432796880e6a87c2499c3c4bfa11f9059db07e29e,True,True,CC-BY-NC-SA-4.0,True,scriabin_op08_n10,scriabin_op08_n10,True,NONE
Alexander Scriabin,Russian,fosfrancesco/asap-dataset,master,Scriabin/Etudes_op_8/11/xml_score.musicxml,Scriabin/Etudes_op_8/11/xml_score.musicxml,"12 Etudes, Op. 8: No. 11",Op. 8,11,MusicXML,None,True,True,CC-BY-NC-SA-4.0,True,scriabin_op08_n11,scriabin_op08_n11,False,DUPLICATE_PRIORITIZED_PRIMARY_RECORD_ACCEPTED
Alexander Scriabin,Russian,craigsapp/scriabin,7daa1136a4edfaf8d2bfadee973c33f3b76b6760,scriabin-op8_no11,op08/scriabin-op8_no11.krn,12 Etudes: Etude,Op. 8,11,**kern,4877a8a8bd3b30604f6667e14ccf11fb02a47bee3e5d14279a7408115fc8f62e,True,True,CC-BY-NC-SA-4.0,True,scriabin_op08_n11,scriabin_op08_n11,True,NONE
Alexander Scriabin,Russian,craigsapp/scriabin,7daa1136a4edfaf8d2bfadee973c33f3b76b6760,scriabin-op8_no12,op08/scriabin-op8_no12.krn,12 Etudes: Etude,Op. 8,12,**kern,48a33d1a029c9b018cace6dab025a75c5f1efd9f49cfd555c09d8d20463925f4,True,True,CC-BY-NC-SA-4.0,True,scriabin_op08_n12,scriabin_op08_n12,True,NONE
Alexander Scriabin,Russian,craigsapp/scriabin,7daa1136a4edfaf8d2bfadee973c33f3b76b6760,scriabin-op9_no01,op09/scriabin-op9_no01.krn,Prelude and Nocturne for the Left Hand Alone: Prelude for the Left Hand Alone,Op. 9,1,**kern,a129dcd6bed31d6ac377312f56aefe3dce7602a3a5ea45556c09a5e6870f7734,True,True,CC-BY-NC-SA-4.0,True,scriabin_op09_n01,scriabin_op09_n01,True,NONE
Alexander Scriabin,Russian,craigsapp/scriabin,7daa1136a4edfaf8d2bfadee973c33f3b76b6760,scriabin-op9_no02,op09/scriabin-op9_no02.krn,Prelude and Nocturne for the Left Hand Alone: Nocturne for the Left Hand Alone,Op. 9,2,**kern,a4a52538a8f07d401a642f1f1e2f035b1f094b4c6881de9e0c566687ea42b241,True,True,CC-BY-NC-SA-4.0,True,scriabin_op09_n02,scriabin_op09_n02,True,NONE
Alexander Scriabin,Russian,craigsapp/scriabin,7daa1136a4edfaf8d2bfadee973c33f3b76b6760,scriabin-op10_no01,op10/scriabin-op10_no01.krn,2 Impromptus: Impromptu,Op. 10,1,**kern,190c6c72bdd52e0b9c32135ef84a02b981bdd2ce45357cea1b63331c29bb4391,True,True,CC-BY-NC-SA-4.0,True,scriabin_op10_n01,scriabin_op10_n01,True,NONE
Alexander Scriabin,Russian,craigsapp/scriabin,7daa1136a4edfaf8d2bfadee973c33f3b76b6760,scriabin-op10_no02,op10/scriabin-op10_no02.krn,2 Impromptus: Impromptu,Op. 10,2,**kern,0bcc64cbcfb4bc2811c0193ed7598ca44b6d5f0ed58bf344b7fd41efde0e3031,True,True,CC-BY-NC-SA-4.0,True,scriabin_op10_n02,scriabin_op10_n02,True,NONE
Alexander Scriabin,Russian,craigsapp/scriabin,7daa1136a4edfaf8d2bfadee973c33f3b76b6760,scriabin-op11_no01,op11/scriabin-op11_no01.krn,24 Preludes: Prelude,Op. 11,1,**kern,8d80c1cd72394ce6eb946ae0f209162fd5329d229ca010e5190052fe1f34699c,True,True,CC-BY-NC-SA-4.0,True,scriabin_op11_n01,scriabin_op11_n01,True,NONE
Alexander Scriabin,Russian,craigsapp/scriabin,7daa1136a4edfaf8d2bfadee973c33f3b76b6760,scriabin-op11_no02,op11/scriabin-op11_no02.krn,24 Preludes: Prelude,Op. 11,2,**kern,52c2d975e182138839e39c119cbe526be423c34f3898e46cf5606f3a94cc4341,True,True,CC-BY-NC-SA-4.0,True,scriabin_op11_n02,scriabin_op11_n02,True,NONE
Alexander Scriabin,Russian,craigsapp/scriabin,7daa1136a4edfaf8d2bfadee973c33f3b76b6760,scriabin-op11_no03,op11/scriabin-op11_no03.krn,24 Preludes: Prelude,Op. 11,3,**kern,d44fe0bb0f9934709af2adb939ab4259e324fdca4302a6aa4bf274d814b806ca,True,True,CC-BY-NC-SA-4.0,True,scriabin_op11_n03,scriabin_op11_n03,True,NONE
Alexander Scriabin,Russian,craigsapp/scriabin,7daa1136a4edfaf8d2bfadee973c33f3b76b6760,scriabin-op11_no04,ccarh_kern/scriabin-op11_no04.krn,24 Preludes: Prelude,Op. 11,4,**kern,7860972ade503ebb07b9b0ec226c5e61840852edced524e4459f4f6494d71ce9,True,True,CC-BY-NC-SA-4.0,True,scriabin_op11_n04,scriabin_op11_n04,True,NONE
Alexander Scriabin,Russian,craigsapp/scriabin,7daa1136a4edfaf8d2bfadee973c33f3b76b6760,scriabin-op11_no05,op11/scriabin-op11_no05.krn,24 Preludes: Prelude,Op. 11,5,**kern,66e91623cd6b303ee3fac08ee5af9adcd22a922330184ecc10af368b6fe1e8fe,True,True,CC-BY-NC-SA-4.0,True,scriabin_op11_n05,scriabin_op11_n05,True,NONE
Alexander Scriabin,Russian,craigsapp/scriabin,7daa1136a4edfaf8d2bfadee973c33f3b76b6760,scriabin-op11_no06,op11/scriabin-op11_no06.krn,24 Preludes: Prelude,Op. 11,6,**kern,f8fc365055912e652c392564aa5a50637716edd7647c236809fd31b1a61245b6,True,True,CC-BY-NC-SA-4.0,True,scriabin_op11_n06,scriabin_op11_n06,True,NONE
Alexander Scriabin,Russian,craigsapp/scriabin,7daa1136a4edfaf8d2bfadee973c33f3b76b6760,scriabin-op11_no07,op11/scriabin-op11_no07.krn,24 Preludes: Prelude,Op. 11,7,**kern,4a64ca87112f6e25d8333e1ac191d9f598f7a6da2c5095ce88efacb11c3cf091,True,True,CC-BY-NC-SA-4.0,True,scriabin_op11_n07,scriabin_op11_n07,True,NONE
Alexander Scriabin,Russian,craigsapp/scriabin,7daa1136a4edfaf8d2bfadee973c33f3b76b6760,scriabin-op11_no08,op11/scriabin-op11_no08.krn,24 Preludes: Prelude,Op. 11,8,**kern,0c92e6bd2c11028b02f1595e289d5108de1e432706032b093092b61d1306fddd,True,True,CC-BY-NC-SA-4.0,True,scriabin_op11_n08,scriabin_op11_n08,True,NONE
Alexander Scriabin,Russian,craigsapp/scriabin,7daa1136a4edfaf8d2bfadee973c33f3b76b6760,scriabin-op11_no09,op11/scriabin-op11_no09.krn,24 Preludes: Prelude,Op. 11,9,**kern,badd47c4d01410c88f11b329498fce4b29ea3f1d2b759869d79c7dda3edc4234,True,True,CC-BY-NC-SA-4.0,True,scriabin_op11_n09,scriabin_op11_n09,True,NONE
Alexander Scriabin,Russian,craigsapp/scriabin,7daa1136a4edfaf8d2bfadee973c33f3b76b6760,scriabin-op11_no10,op11/scriabin-op11_no10.krn,24 Preludes: Prelude,Op. 11,10,**kern,59d822d9aae676a88d5a52d4cd9d1b9a60ba583ac12cde6e49fece0999db03a1,True,True,CC-BY-NC-SA-4.0,True,scriabin_op11_n10,scriabin_op11_n10,True,NONE
Alexander Scriabin,Russian,craigsapp/scriabin,7daa1136a4edfaf8d2bfadee973c33f3b76b6760,scriabin-op11_no11,op11/scriabin-op11_no11.krn,24 Preludes: Prelude,Op. 11,11,**kern,a701dcb072bd3f6384d0e9855ecd89dcf64938c987f204e424b2ff49a0f71753,True,True,CC-BY-NC-SA-4.0,True,scriabin_op11_n11,scriabin_op11_n11,True,NONE
Alexander Scriabin,Russian,craigsapp/scriabin,7daa1136a4edfaf8d2bfadee973c33f3b76b6760,scriabin-op11_no12,op11/scriabin-op11_no12.krn,24 Preludes: Prelude,Op. 11,12,**kern,3ee8582faad6643b9994f403f5c05e2ac65111753764f138aba70dac7cc8a8b0,True,True,CC-BY-NC-SA-4.0,True,scriabin_op11_n12,scriabin_op11_n12,True,NONE
Alexander Scriabin,Russian,craigsapp/scriabin,7daa1136a4edfaf8d2bfadee973c33f3b76b6760,scriabin-op11_no13,op11/scriabin-op11_no13.krn,24 Preludes: Prelude,Op. 11,13,**kern,5947931fc937d5dda130ceb9e4b227860f3a7faed6008c414e5cc2330ed9785a,True,True,CC-BY-NC-SA-4.0,True,scriabin_op11_n13,scriabin_op11_n13,True,NONE
Alexander Scriabin,Russian,craigsapp/scriabin,7daa1136a4edfaf8d2bfadee973c33f3b76b6760,scriabin-op11_no14,op11/scriabin-op11_no14.krn,24 Preludes: Prelude,Op. 11,14,**kern,fdc90f7155aa7c830e77da4fead85fe519311c1a16263a6f242d1712951189f6,True,True,CC-BY-NC-SA-4.0,True,scriabin_op11_n14,scriabin_op11_n14,True,NONE
Alexander Scriabin,Russian,craigsapp/scriabin,7daa1136a4edfaf8d2bfadee973c33f3b76b6760,scriabin-op11_no15,ccarh_kern/scriabin-op11_no15.krn,24 Preludes: Prelude,Op. 11,15,**kern,9d98291169020c84948a685433025354b9dedf9ffe0c4c701a6333147bb8758a,True,True,CC-BY-NC-SA-4.0,True,scriabin_op11_n15,scriabin_op11_n15,True,NONE
Alexander Scriabin,Russian,craigsapp/scriabin,7daa1136a4edfaf8d2bfadee973c33f3b76b6760,scriabin-op11_no16,op11/scriabin-op11_no16.krn,24 Preludes: Prelude,Op. 11,16,**kern,8e05f85e520f7c43b32eda79b6c2c701d5d62c382ef84e57cc53299ea4c4c8be,True,True,CC-BY-NC-SA-4.0,True,scriabin_op11_n16,scriabin_op11_n16,True,NONE
Alexander Scriabin,Russian,craigsapp/scriabin,7daa1136a4edfaf8d2bfadee973c33f3b76b6760,scriabin-op11_no17,op11/scriabin-op11_no17.krn,24 Preludes: Prelude,Op. 11,17,**kern,46f98291a7889b04e13815185150e479bd26c65b3e0961e8d1252c0a3aba1ee0,True,True,CC-BY-NC-SA-4.0,True,scriabin_op11_n17,scriabin_op11_n17,True,NONE
Alexander Scriabin,Russian,craigsapp/scriabin,7daa1136a4edfaf8d2bfadee973c33f3b76b6760,scriabin-op11_no18,op11/scriabin-op11_no18.krn,24 Preludes: Prelude,Op. 11,18,**kern,17ca20559925407058d1e77521fe32d6b1eadb9462cd9dc83b0aa6e680b80d14,True,True,CC-BY-NC-SA-4.0,True,scriabin_op11_n18,scriabin_op11_n18,True,NONE
Alexander Scriabin,Russian,craigsapp/scriabin,7daa1136a4edfaf8d2bfadee973c33f3b76b6760,scriabin-op11_no19,op11/scriabin-op11_no19.krn,24 Preludes: Prelude,Op. 11,19,**kern,efd2e23071b251af397f38ea264babdeb8792bfe0744797f4118976b6658040f,True,True,CC-BY-NC-SA-4.0,True,scriabin_op11_n19,scriabin_op11_n19,True,NONE
Alexander Scriabin,Russian,craigsapp/scriabin,7daa1136a4edfaf8d2bfadee973c33f3b76b6760,scriabin-op11_no20,op11/scriabin-op11_no20.krn,24 Preludes: Prelude,Op. 11,20,**kern,daa1bb2b4ef70db5703a96cf765a8bf23bc22f1bc1310fda0703d96521c289fb,True,True,CC-BY-NC-SA-4.0,True,scriabin_op11_n20,scriabin_op11_n20,True,NONE
Alexander Scriabin,Russian,craigsapp/scriabin,7daa1136a4edfaf8d2bfadee973c33f3b76b6760,scriabin-op11_no21,op11/scriabin-op11_no21.krn,24 Preludes: Prelude,Op. 11,21,**kern,60f7e4a7c7d2aa157f1d8aaed2bac429714bccf846d55e0ac6fc45f5d2a62a86,True,True,CC-BY-NC-SA-4.0,True,scriabin_op11_n21,scriabin_op11_n21,True,NONE
Alexander Scriabin,Russian,craigsapp/scriabin,7daa1136a4edfaf8d2bfadee973c33f3b76b6760,scriabin-op11_no22,op11/scriabin-op11_no22.krn,24 Preludes: Prelude,Op. 11,22,**kern,f97fe0a01f05a8d3cc4edf25b6288e6dac427e4bfdb8c35929fa737427b8c2f2,True,True,CC-BY-NC-SA-4.0,True,scriabin_op11_n22,scriabin_op11_n22,True,NONE
Alexander Scriabin,Russian,craigsapp/scriabin,7daa1136a4edfaf8d2bfadee973c33f3b76b6760,scriabin-op11_no23,op11/scriabin-op11_no23.krn,24 Preludes: Prelude,Op. 11,23,**kern,472033dc1ef4a0096bfd5d8bf4596182925df4168a5dc2fbf620f0d735a1a0f7,True,True,CC-BY-NC-SA-4.0,True,scriabin_op11_n23,scriabin_op11_n23,True,NONE
Alexander Scriabin,Russian,craigsapp/scriabin,7daa1136a4edfaf8d2bfadee973c33f3b76b6760,scriabin-op11_no24,op11/scriabin-op11_no24.krn,24 Preludes: Prelude,Op. 11,24,**kern,737f9702bc04b74ca904c6a1077180c7dfc390230034b2e088b802096ada5f0a,True,True,CC-BY-NC-SA-4.0,True,scriabin_op11_n24,scriabin_op11_n24,True,NONE
Alexander Scriabin,Russian,craigsapp/scriabin,7daa1136a4edfaf8d2bfadee973c33f3b76b6760,scriabin-op12_no01,op12/scriabin-op12_no01.krn,2 Impromptus: Impromptu,Op. 12,1,**kern,beea8aaa410bd53c2c4735c9f4f23aec629155d3618f8ffe1f877a6bff7fdfc5,True,True,CC-BY-NC-SA-4.0,True,scriabin_op12_n01,scriabin_op12_n01,True,NONE
Alexander Scriabin,Russian,craigsapp/scriabin,7daa1136a4edfaf8d2bfadee973c33f3b76b6760,scriabin-op12_no02,op12/scriabin-op12_no02.krn,2 Impromptus: Impromptu,Op. 12,2,**kern,f8200a84840efc7615bf3cedc9e9a75236ad60fb035f5b85617b2cc3a710a974,True,True,CC-BY-NC-SA-4.0,True,scriabin_op12_n02,scriabin_op12_n02,True,NONE
Alexander Scriabin,Russian,craigsapp/scriabin,7daa1136a4edfaf8d2bfadee973c33f3b76b6760,scriabin-op13_no01,op13/scriabin-op13_no01.krn,6 Preludes: Prelude,Op. 13,1,**kern,4a835978be417f4f26dcd9b4b102e6e6f32dfddb1e70039c075a95ac5e4fe80a,True,True,CC-BY-NC-SA-4.0,True,scriabin_op13_n01,scriabin_op13_n01,True,NONE
Alexander Scriabin,Russian,craigsapp/scriabin,7daa1136a4edfaf8d2bfadee973c33f3b76b6760,scriabin-op13_no02,op13/scriabin-op13_no02.krn,6 Preludes: Prelude,Op. 13,2,**kern,35067cdfd829279cdfc3cdd412c2036d884dcef1113f7d80f8111a40b10fcfec,True,True,CC-BY-NC-SA-4.0,True,scriabin_op13_n02,scriabin_op13_n02,True,NONE
Alexander Scriabin,Russian,craigsapp/scriabin,7daa1136a4edfaf8d2bfadee973c33f3b76b6760,scriabin-op13_no03,op13/scriabin-op13_no03.krn,6 Preludes: Prelude,Op. 13,3,**kern,11bef6befcdfe2149dac6c543734a8a7a344a4251d97e193eec4500be1250549,True,True,CC-BY-NC-SA-4.0,True,scriabin_op13_n03,scriabin_op13_n03,True,NONE
Alexander Scriabin,Russian,craigsapp/scriabin,7daa1136a4edfaf8d2bfadee973c33f3b76b6760,scriabin-op13_no04,op13/scriabin-op13_no04.krn,6 Preludes: Prelude,Op. 13,4,**kern,8bc1828eb6cbebba981cce6c2f3e6929d2e58b02c327aed2a4ac48768260efb8,True,True,CC-BY-NC-SA-4.0,True,scriabin_op13_n04,scriabin_op13_n04,True,NONE
Alexander Scriabin,Russian,craigsapp/scriabin,7daa1136a4edfaf8d2bfadee973c33f3b76b6760,scriabin-op13_no05,op13/scriabin-op13_no05.krn,6 Preludes: Prelude,Op. 13,5,**kern,6af6bb5e2ec7c227d2bab15367a3d4b0f38b96d4ce7882641cf2f7840f5e765e,True,True,CC-BY-NC-SA-4.0,True,scriabin_op13_n05,scriabin_op13_n05,True,NONE
Alexander Scriabin,Russian,craigsapp/scriabin,7daa1136a4edfaf8d2bfadee973c33f3b76b6760,scriabin-op13_no06,op13/scriabin-op13_no06.krn,6 Preludes: Prelude,Op. 13,6,**kern,39bffe03256c78ec2e6808abcd6553fd3ba200afbdc33c17f92d7585ab491d13,True,True,CC-BY-NC-SA-4.0,True,scriabin_op13_n06,scriabin_op13_n06,True,NONE
Alexander Scriabin,Russian,craigsapp/scriabin,7daa1136a4edfaf8d2bfadee973c33f3b76b6760,scriabin-op14_no01,op14/scriabin-op14_no01.krn,2 Impromptus: Impromptu,Op. 14,1,**kern,1bb4ecf2445dab9905c31f7d0976f0fe0b8739152725bf2df47112b8407fa15c,True,True,CC-BY-NC-SA-4.0,True,scriabin_op14_n01,scriabin_op14_n01,True,NONE
Alexander Scriabin,Russian,craigsapp/scriabin,7daa1136a4edfaf8d2bfadee973c33f3b76b6760,scriabin-op14_no02,op14/scriabin-op14_no02.krn,2 Impromptus: Impromptu,Op. 14,2,**kern,482ef69b57f5f2984a1a2a77927479a03deea9a126c38417734f1ee2f07eb98f,True,True,CC-BY-NC-SA-4.0,True,scriabin_op14_n02,scriabin_op14_n02,True,NONE
Alexander Scriabin,Russian,craigsapp/scriabin,7daa1136a4edfaf8d2bfadee973c33f3b76b6760,scriabin-op15_no01,op15/scriabin-op15_no01.krn,5 Preludes: Prelude,Op. 15,1,**kern,e3b2255dc36b28af58828133ba937a6448af970111198182ceff9c36d4ed56c0,True,True,CC-BY-NC-SA-4.0,True,scriabin_op15_n01,scriabin_op15_n01,True,NONE
Alexander Scriabin,Russian,craigsapp/scriabin,7daa1136a4edfaf8d2bfadee973c33f3b76b6760,scriabin-op15_no02,op15/scriabin-op15_no02.krn,5 Preludes: Prelude,Op. 15,2,**kern,fae32716af37243eb49b4ff2bd22d5e61f7880b12963702c7184ca7277a713ea,True,True,CC-BY-NC-SA-4.0,True,scriabin_op15_n02,scriabin_op15_n02,True,NONE
Alexander Scriabin,Russian,craigsapp/scriabin,7daa1136a4edfaf8d2bfadee973c33f3b76b6760,scriabin-op15_no03,op15/scriabin-op15_no03.krn,5 Preludes: Prelude,Op. 15,3,**kern,89d6d3d21af11e8995ff3c5dec9f74d6a1e9b15294fd1b997538aac0d66add03,True,True,CC-BY-NC-SA-4.0,True,scriabin_op15_n03,scriabin_op15_n03,True,NONE
Alexander Scriabin,Russian,craigsapp/scriabin,7daa1136a4edfaf8d2bfadee973c33f3b76b6760,scriabin-op15_no04,op15/scriabin-op15_no04.krn,5 Preludes: Prelude,Op. 15,4,**kern,2e1850ac67c04671441863badfe944c88e433590808bf6856aac1c2c8307d34f,True,True,CC-BY-NC-SA-4.0,True,scriabin_op15_n04,scriabin_op15_n04,True,NONE
Alexander Scriabin,Russian,craigsapp/scriabin,7daa1136a4edfaf8d2bfadee973c33f3b76b6760,scriabin-op15_no05,op15/scriabin-op15_no05.krn,5 Preludes: Prelude,Op. 15,5,**kern,cafd5ecb144617af70b13dcec2502cc04ce3822938d0233eb796ad301de5e9fd,True,True,CC-BY-NC-SA-4.0,True,scriabin_op15_n05,scriabin_op15_n05,True,NONE
Alexander Scriabin,Russian,craigsapp/scriabin,7daa1136a4edfaf8d2bfadee973c33f3b76b6760,scriabin-op16_no01,op16/scriabin-op16_no01.krn,5 Preludes: Prelude,Op. 16,1,**kern,4279868ac701ce0bbf6b27578c0411f68be1c97fc7c4d6165327321d8ffbe8ab,True,True,CC-BY-NC-SA-4.0,True,scriabin_op16_n01,scriabin_op16_n01,True,NONE
Alexander Scriabin,Russian,craigsapp/scriabin,7daa1136a4edfaf8d2bfadee973c33f3b76b6760,scriabin-op16_no02,op16/scriabin-op16_no02.krn,5 Preludes: Prelude,Op. 16,2,**kern,a8359284124da728f832d5ee45841b68c9186457ec18975f2809a29d615fb3d5,True,True,CC-BY-NC-SA-4.0,True,scriabin_op16_n02,scriabin_op16_n02,True,NONE
Alexander Scriabin,Russian,craigsapp/scriabin,7daa1136a4edfaf8d2bfadee973c33f3b76b6760,scriabin-op16_no03,op16/scriabin-op16_no03.krn,5 Preludes: Prelude,Op. 16,3,**kern,c9cfb53daedac86f1ced5cdcfa2d1d7281b3eb1f6a440506b87fbbb001411280,True,True,CC-BY-NC-SA-4.0,True,scriabin_op16_n03,scriabin_op16_n03,True,NONE
Alexander Scriabin,Russian,craigsapp/scriabin,7daa1136a4edfaf8d2bfadee973c33f3b76b6760,scriabin-op16_no04,op16/scriabin-op16_no04.krn,5 Preludes: Prelude,Op. 16,4,**kern,154ff646cf3d83d1074e3cf7711dd8fbb194579614cc1142503c3be710673de8,True,True,CC-BY-NC-SA-4.0,True,scriabin_op16_n04,scriabin_op16_n04,True,NONE
Alexander Scriabin,Russian,craigsapp/scriabin,7daa1136a4edfaf8d2bfadee973c33f3b76b6760,scriabin-op16_no05,op16/scriabin-op16_no05.krn,5 Preludes: Prelude,Op. 16,5,**kern,6757855cbc1be15fe2eb4812cfb558f35ed60ad521c4c368e7897877375c1ed2,True,True,CC-BY-NC-SA-4.0,True,scriabin_op16_n05,scriabin_op16_n05,True,NONE
Alexander Scriabin,Russian,craigsapp/scriabin,7daa1136a4edfaf8d2bfadee973c33f3b76b6760,scriabin-op17_no01,op17/scriabin-op17_no01.krn,7 Preludes: Prelude,Op. 17,1,**kern,a61bca0695d427b8ed79bb11aeea3f6f27f898251476e6ec4992844e52800a0c,True,True,CC-BY-NC-SA-4.0,True,scriabin_op17_n01,scriabin_op17_n01,True,NONE
Alexander Scriabin,Russian,craigsapp/scriabin,7daa1136a4edfaf8d2bfadee973c33f3b76b6760,scriabin-op17_no02,op17/scriabin-op17_no02.krn,7 Preludes: Prelude,Op. 17,2,**kern,e7b249b9252324e411a10244817a2a5398246a78731fd7ff29efb861490b4265,True,True,CC-BY-NC-SA-4.0,True,scriabin_op17_n02,scriabin_op17_n02,True,NONE
Alexander Scriabin,Russian,craigsapp/scriabin,7daa1136a4edfaf8d2bfadee973c33f3b76b6760,scriabin-op17_no03,op17/scriabin-op17_no03.krn,7 Preludes: Prelude,Op. 17,3,**kern,c69d61b14a0ded0dbb2e80b83be6de9bbe376b17d728320e69fccfd095f0bb37,True,True,CC-BY-NC-SA-4.0,True,scriabin_op17_n03,scriabin_op17_n03,True,NONE
Alexander Scriabin,Russian,craigsapp/scriabin,7daa1136a4edfaf8d2bfadee973c33f3b76b6760,scriabin-op17_no04,op17/scriabin-op17_no04.krn,7 Preludes: Prelude,Op. 17,4,**kern,14cb2252152b607413025425a3103bcadaea4fd9674f069d159c32a6e933b16a,True,True,CC-BY-NC-SA-4.0,True,scriabin_op17_n04,scriabin_op17_n04,True,NONE
Alexander Scriabin,Russian,craigsapp/scriabin,7daa1136a4edfaf8d2bfadee973c33f3b76b6760,scriabin-op17_no05,op17/scriabin-op17_no05.krn,7 Preludes: Prelude,Op. 17,5,**kern,f0c1d1978fecc498ad9cb630c8c766c572426e403f35195f18fe04e35b2d2f79,True,True,CC-BY-NC-SA-4.0,True,scriabin_op17_n05,scriabin_op17_n05,True,NONE
Alexander Scriabin,Russian,craigsapp/scriabin,7daa1136a4edfaf8d2bfadee973c33f3b76b6760,scriabin-op17_no06,op17/scriabin-op17_no06.krn,7 Preludes: Prelude,Op. 17,6,**kern,f1393dfaa8ecd4a054a530038b00331c4d7fb58380c27de8f92c198dc3e27ef9,True,True,CC-BY-NC-SA-4.0,True,scriabin_op17_n06,scriabin_op17_n06,True,NONE
Alexander Scriabin,Russian,craigsapp/scriabin,7daa1136a4edfaf8d2bfadee973c33f3b76b6760,scriabin-op17_no07,op17/scriabin-op17_no07.krn,7 Preludes: Prelude,Op. 17,7,**kern,49a5af3253f725595c8201a7567032512b6dda75bbff67466dede63253d30ff5,True,True,CC-BY-NC-SA-4.0,True,scriabin_op17_n07,scriabin_op17_n07,True,NONE
Alexander Scriabin,Russian,craigsapp/scriabin,7daa1136a4edfaf8d2bfadee973c33f3b76b6760,scriabin-op18,op18/scriabin-op18.krn,Allegro de concert,Op. 18,1,**kern,c4c064977f1d3cd46bca2ae09daba8f403c4c00ab565f27d512cbe2f7d4c9bfc,True,True,CC-BY-NC-SA-4.0,True,scriabin_op18_n01,scriabin_op18_n01,True,NONE
Alexander Scriabin,Russian,craigsapp/scriabin,7daa1136a4edfaf8d2bfadee973c33f3b76b6760,scriabin-op19_no01,op19/scriabin-op19_no01.krn,Sonata No. 2: Movement 1,Op. 19,1,**kern,40185c2686a4d277927274e5de758a4ef7071b64606d7b004d3c51c174810ea7,True,True,CC-BY-NC-SA-4.0,True,scriabin_op19_n01,scriabin_op19_n01,True,NONE
Alexander Scriabin,Russian,craigsapp/scriabin,7daa1136a4edfaf8d2bfadee973c33f3b76b6760,scriabin-op19_no02,op19/scriabin-op19_no02.krn,Sonata No. 2: Movement 2,Op. 19,2,**kern,4691890610fcb3c4460021600a23b876da192650e07afc8b0ee507eee1c751d2,True,True,CC-BY-NC-SA-4.0,True,scriabin_op19_n02,scriabin_op19_n02,True,NONE
Alexander Scriabin,Russian,craigsapp/scriabin,7daa1136a4edfaf8d2bfadee973c33f3b76b6760,scriabin-op21,op21/scriabin-op21.krn,Polonaise,Op. 21,1,**kern,47838e64d8c245ee110193b33461cf514a43f47c980abda378c6376708ae8898,True,True,CC-BY-NC-SA-4.0,True,scriabin_op21_n01,scriabin_op21_n01,True,NONE
Alexander Scriabin,Russian,craigsapp/scriabin,7daa1136a4edfaf8d2bfadee973c33f3b76b6760,scriabin-op22_no01,op22/scriabin-op22_no01.krn,4 Preludes: Prelude,Op. 22,1,**kern,e6db32bae85a2f692f41cc1d0bbb5132b18b0cb95036f83e99884f98286be832,True,True,CC-BY-NC-SA-4.0,True,scriabin_op22_n01,scriabin_op22_n01,True,NONE
Alexander Scriabin,Russian,craigsapp/scriabin,7daa1136a4edfaf8d2bfadee973c33f3b76b6760,scriabin-op22_no02,op22/scriabin-op22_no02.krn,4 Preludes: Prelude,Op. 22,2,**kern,d5d35e3f59ba4fd2cf16538d0df97fb92595b1fdff416990ccf719c140cff5a9,True,True,CC-BY-NC-SA-4.0,True,scriabin_op22_n02,scriabin_op22_n02,True,NONE
Alexander Scriabin,Russian,craigsapp/scriabin,7daa1136a4edfaf8d2bfadee973c33f3b76b6760,scriabin-op22_no03,op22/scriabin-op22_no03.krn,4 Preludes: Prelude,Op. 22,3,**kern,6721845f7a8e7007e13db8756bf8f7907ea2b862c0a22d80ef566fa3a5bcd021,True,True,CC-BY-NC-SA-4.0,True,scriabin_op22_n03,scriabin_op22_n03,True,NONE
Alexander Scriabin,Russian,craigsapp/scriabin,7daa1136a4edfaf8d2bfadee973c33f3b76b6760,scriabin-op22_no04,op22/scriabin-op22_no04.krn,4 Preludes: Prelude,Op. 22,4,**kern,0a8df880e62fba0a29d390cf6e73b0fbc73ea67f14296b156d955d997b8ddb8f,True,True,CC-BY-NC-SA-4.0,True,scriabin_op22_n04,scriabin_op22_n04,True,NONE
Alexander Scriabin,Russian,craigsapp/scriabin,7daa1136a4edfaf8d2bfadee973c33f3b76b6760,scriabin-op23_no01,op23/scriabin-op23_no01.krn,Sonata No. 3: Movement 1,Op. 23,1,**kern,a0b77b45f918c63060060b32ebd1896d806216ddf47ba10e515c2157174c5328,True,True,CC-BY-NC-SA-4.0,True,scriabin_op23_n01,scriabin_op23_n01,True,NONE
Alexander Scriabin,Russian,craigsapp/scriabin,7daa1136a4edfaf8d2bfadee973c33f3b76b6760,scriabin-op23_no02,op23/scriabin-op23_no02.krn,Sonata No. 2: Movement 2,Op. 23,2,**kern,e65ee286f08ece4f0c6d447c12f726ee7a9d20f2f8c673747464e122ea232853,True,True,CC-BY-NC-SA-4.0,True,scriabin_op23_n02,scriabin_op23_n02,True,NONE
Alexander Scriabin,Russian,craigsapp/scriabin,7daa1136a4edfaf8d2bfadee973c33f3b76b6760,scriabin-op23_no03,op23/scriabin-op23_no03.krn,Sonata No. 3: Movement 3,Op. 23,3,**kern,3654d33f7fe32908e36935ed96d560e30a8ab47c3b8289dc42812b4723c21a89,True,True,CC-BY-NC-SA-4.0,True,scriabin_op23_n03,scriabin_op23_n03,True,NONE
Alexander Scriabin,Russian,craigsapp/scriabin,7daa1136a4edfaf8d2bfadee973c33f3b76b6760,scriabin-op23_no04,op23/scriabin-op23_no04.krn,Sonata No. 3: Movement 4,Op. 23,4,**kern,b59592b00098194c3f54049b9513d3bb6b4a3f04437ddf80ff5a4bd71167b7ef,True,True,CC-BY-NC-SA-4.0,True,scriabin_op23_n04,scriabin_op23_n04,True,NONE
Alexander Scriabin,Russian,craigsapp/scriabin,7daa1136a4edfaf8d2bfadee973c33f3b76b6760,scriabin-op25_no01,op25/scriabin-op25_no01.krn,9 Mazurkas: Mazurka,Op. 25,1,**kern,1fcc33ae81964dfacb89254816763f4525bc9fb0a2515ed1bf8e5dfa154c3de2,True,True,CC-BY-NC-SA-4.0,True,scriabin_op25_n01,scriabin_op25_n01,True,NONE
Alexander Scriabin,Russian,craigsapp/scriabin,7daa1136a4edfaf8d2bfadee973c33f3b76b6760,scriabin-op25_no02,op25/scriabin-op25_no02.krn,9 Mazurkas: Mazurka,Op. 25,2,**kern,0ff254a4c0e59a704edd64f7d59caffde1292d6a35010f50f3a5220ef2fcb7c0,True,True,CC-BY-NC-SA-4.0,True,scriabin_op25_n02,scriabin_op25_n02,True,NONE
Alexander Scriabin,Russian,craigsapp/scriabin,7daa1136a4edfaf8d2bfadee973c33f3b76b6760,scriabin-op25_no03,op25/scriabin-op25_no03.krn,9 Mazurkas: Mazurka,Op. 25,3,**kern,2ba88b33e39ead7cdfce484391c4e0d3503b3a04b8e38da47caf712f4e8e3363,True,True,CC-BY-NC-SA-4.0,True,scriabin_op25_n03,scriabin_op25_n03,True,NONE
Alexander Scriabin,Russian,craigsapp/scriabin,7daa1136a4edfaf8d2bfadee973c33f3b76b6760,scriabin-op25_no04,op25/scriabin-op25_no04.krn,9 Mazurkas: Mazurka,Op. 25,4,**kern,87295b93c7c5efc08ba13ca9b994509990f780cafeb1525b2c9b150ae7192e35,True,True,CC-BY-NC-SA-4.0,True,scriabin_op25_n04,scriabin_op25_n04,True,NONE
Alexander Scriabin,Russian,craigsapp/scriabin,7daa1136a4edfaf8d2bfadee973c33f3b76b6760,scriabin-op25_no05,op25/scriabin-op25_no05.krn,9 Mazurkas: Mazurka,Op. 25,5,**kern,77b3d6d429172315e24f356d2fd9548f4a76e2b3180703b270f85ec4103076cd,True,True,CC-BY-NC-SA-4.0,True,scriabin_op25_n05,scriabin_op25_n05,True,NONE
Alexander Scriabin,Russian,craigsapp/scriabin,7daa1136a4edfaf8d2bfadee973c33f3b76b6760,scriabin-op25_no06,op25/scriabin-op25_no06.krn,9 Mazurkas: Mazurka,Op. 25,6,**kern,608709642419649ad8fc593301746212497fdda951483353973b4e1883d2ccde,True,True,CC-BY-NC-SA-4.0,True,scriabin_op25_n06,scriabin_op25_n06,True,NONE
Alexander Scriabin,Russian,craigsapp/scriabin,7daa1136a4edfaf8d2bfadee973c33f3b76b6760,scriabin-op25_no07,op25/scriabin-op25_no07.krn,9 Mazurkas: Mazurka,Op. 25,7,**kern,7f7f305126544c7ea90d45030050d04986544351083192ac44418917dafff618,True,True,CC-BY-NC-SA-4.0,True,scriabin_op25_n07,scriabin_op25_n07,True,NONE
Alexander Scriabin,Russian,craigsapp/scriabin,7daa1136a4edfaf8d2bfadee973c33f3b76b6760,scriabin-op25_no08,op25/scriabin-op25_no08.krn,9 Mazurkas: Mazurka,Op. 25,8,**kern,77fb1b6f261c20ebe92919bceba9467d5f9100f277efc2380bcb7b58afd842fd,True,True,CC-BY-NC-SA-4.0,True,scriabin_op25_n08,scriabin_op25_n08,True,NONE
Alexander Scriabin,Russian,craigsapp/scriabin,7daa1136a4edfaf8d2bfadee973c33f3b76b6760,scriabin-op25_no09,op25/scriabin-op25_no09.krn,9 Mazurkas: Mazurka,Op. 25,9,**kern,3383fbc1926b0fcc3c7c860422b6c1ae32edf8401d0b0b43eb5cbbe6a3db7805,True,True,CC-BY-NC-SA-4.0,True,scriabin_op25_n09,scriabin_op25_n09,True,NONE
Alexander Scriabin,Russian,craigsapp/scriabin,7daa1136a4edfaf8d2bfadee973c33f3b76b6760,scriabin-op27_no01,op27/scriabin-op27_no01.krn,2 Preludes: Prelude,Op. 27,1,**kern,6808374433538e2fafdc99efd127f9db2dbddbe131056bd70223e6efe5bbf75e,True,True,CC-BY-NC-SA-4.0,True,scriabin_op27_n01,scriabin_op27_n01,True,NONE
Alexander Scriabin,Russian,craigsapp/scriabin,7daa1136a4edfaf8d2bfadee973c33f3b76b6760,scriabin-op27_no02,op27/scriabin-op27_no02.krn,2 Preludes: Prelude,Op. 27,2,**kern,5f958315b44bac75898c6ecbde83264fc7a4ee513d2cde572f688f56e4290b21,True,True,CC-BY-NC-SA-4.0,True,scriabin_op27_n02,scriabin_op27_n02,True,NONE
Alexander Scriabin,Russian,SyMuPe/PERiScoPe,v1.1,"Alexander_Scriabin/Fantasy_in_B_minor,_Op.28/score.mxl","Alexander_Scriabin/Fantasy_in_B_minor,_Op.28/score.mxl","Fantasy in B minor, Op. 28",Op. 28,1,MusicXML,None,True,True,CC-BY-NC-SA-4.0,True,scriabin_op28_n01,scriabin_op28_n01,False,DUPLICATE_PRIORITIZED_PRIMARY_RECORD_ACCEPTED
Alexander Scriabin,Russian,craigsapp/scriabin,7daa1136a4edfaf8d2bfadee973c33f3b76b6760,scriabin-op28,op28/scriabin-op28.krn,Fantasy,Op. 28,1,**kern,63be7e9d8dec5ff3c8cb16d1e90b3a8818edddcffc1e61465e7434b0c07e5c6a,True,True,CC-BY-NC-SA-4.0,True,scriabin_op28_n01,scriabin_op28_n01,True,NONE
Alexander Scriabin,Russian,craigsapp/scriabin,7daa1136a4edfaf8d2bfadee973c33f3b76b6760,scriabin-op30_no01,op30/scriabin-op30_no01.krn,Sonata No. 4: Movement 1,Op. 30,1,**kern,e2e1209931a9212e255dcbbcc17103cc7835e17f8094fbdd30c88e8190174178,True,True,CC-BY-NC-SA-4.0,True,scriabin_op30_n01,scriabin_op30_n01,True,NONE
Alexander Scriabin,Russian,craigsapp/scriabin,7daa1136a4edfaf8d2bfadee973c33f3b76b6760,scriabin-op30_no02,op30/scriabin-op30_no02.krn,Sonata No. 4: Movement 2,Op. 30,2,**kern,6609e2cd47d222424bff2b9363b9a0aa2cf1030906b60f69f8914a480209f109,True,True,CC-BY-NC-SA-4.0,True,scriabin_op30_n02,scriabin_op30_n02,True,NONE
Alexander Scriabin,Russian,craigsapp/scriabin,7daa1136a4edfaf8d2bfadee973c33f3b76b6760,scriabin-op31_no01,op31/scriabin-op31_no01.krn,4 Preludes: Prelude,Op. 31,1,**kern,ef3ec8a07e66703e52e75d59552579f5508d4d79476bfe656512cd528660495f,True,True,CC-BY-NC-SA-4.0,True,scriabin_op31_n01,scriabin_op31_n01,True,NONE
Alexander Scriabin,Russian,craigsapp/scriabin,7daa1136a4edfaf8d2bfadee973c33f3b76b6760,scriabin-op31_no02,op31/scriabin-op31_no02.krn,4 Preludes: Prelude,Op. 31,2,**kern,b74f56d8ced1f14a196c1887d9bf42ceece752978dddf4d98dfee17be7b44013,True,True,CC-BY-NC-SA-4.0,True,scriabin_op31_n02,scriabin_op31_n02,True,NONE
Alexander Scriabin,Russian,craigsapp/scriabin,7daa1136a4edfaf8d2bfadee973c33f3b76b6760,scriabin-op31_no03,op31/scriabin-op31_no03.krn,4 Preludes: Prelude,Op. 31,3,**kern,80be45cec71f60df7f203f55e46887da8d6bb6c7510c2452807538672f0aea00,True,True,CC-BY-NC-SA-4.0,True,scriabin_op31_n03,scriabin_op31_n03,True,NONE
Alexander Scriabin,Russian,craigsapp/scriabin,7daa1136a4edfaf8d2bfadee973c33f3b76b6760,scriabin-op31_no04,op31/scriabin-op31_no04.krn,4 Preludes: Prelude,Op. 31,4,**kern,26a6fc5cacd7ba3ea7f254ac3acfdceb453b393effcb6c71b54e8ecb60e8c1bf,True,True,CC-BY-NC-SA-4.0,True,scriabin_op31_n04,scriabin_op31_n04,True,NONE
Alexander Scriabin,Russian,craigsapp/scriabin,7daa1136a4edfaf8d2bfadee973c33f3b76b6760,scriabin-op32_no01,op32/scriabin-op32_no01.krn,2 Poèmes: Poème,Op. 32,1,**kern,72044b648ca0ad10fff6ef1082575f214266d94a1b6a9b72c48e2da16d0e8821,True,True,CC-BY-NC-SA-4.0,True,scriabin_op32_n01,scriabin_op32_n01,True,NONE
Alexander Scriabin,Russian,craigsapp/scriabin,7daa1136a4edfaf8d2bfadee973c33f3b76b6760,scriabin-op32_no02,op32/scriabin-op32_no02.krn,2 Poèmes: Poème,Op. 32,2,**kern,a9d907aa5ee9ab86f85533a5b4a465c4d8441213ab380f4e658d8a286635a8c8,True,True,CC-BY-NC-SA-4.0,True,scriabin_op32_n02,scriabin_op32_n02,True,NONE
Alexander Scriabin,Russian,craigsapp/scriabin,7daa1136a4edfaf8d2bfadee973c33f3b76b6760,scriabin-op33_no01,op33/scriabin-op33_no01.krn,4 Preludes: Prelude,Op. 33,1,**kern,16f70779b49687ab42e13203c592205119213a6f69b8455470f2e4ff0bfb6df4,True,True,CC-BY-NC-SA-4.0,True,scriabin_op33_n01,scriabin_op33_n01,True,NONE
Alexander Scriabin,Russian,craigsapp/scriabin,7daa1136a4edfaf8d2bfadee973c33f3b76b6760,scriabin-op33_no02,op33/scriabin-op33_no02.krn,4 Preludes: Prelude,Op. 33,2,**kern,7930387c03ec04f09b6ce41d52efe5de3ac9be5d18750f348cf55eaa122b0f59,True,True,CC-BY-NC-SA-4.0,True,scriabin_op33_n02,scriabin_op33_n02,True,NONE
Alexander Scriabin,Russian,craigsapp/scriabin,7daa1136a4edfaf8d2bfadee973c33f3b76b6760,scriabin-op33_no03,op33/scriabin-op33_no03.krn,4 Preludes: Prelude,Op. 33,3,**kern,2a65f121ada254457896f35cc8f6c65c37d6e66e271f24fc2879fbd0a92cd15e,True,True,CC-BY-NC-SA-4.0,True,scriabin_op33_n03,scriabin_op33_n03,True,NONE
Alexander Scriabin,Russian,craigsapp/scriabin,7daa1136a4edfaf8d2bfadee973c33f3b76b6760,scriabin-op33_no04,op33/scriabin-op33_no04.krn,4 Preludes: Prelude,Op. 33,4,**kern,00a679fbe6a5b3bfed3e42e0bd06219edb9800e8ea8edfce4c449bdc12032f9a,True,True,CC-BY-NC-SA-4.0,True,scriabin_op33_n04,scriabin_op33_n04,True,NONE
Alexander Scriabin,Russian,craigsapp/scriabin,7daa1136a4edfaf8d2bfadee973c33f3b76b6760,scriabin-op34,op34/scriabin-op34.krn,Poème tragique,Op. 34,1,**kern,47b03ee21f74e4bc7fe204582cfb01afd0465dcdb4be8b86a687bbbf908c475a,True,True,CC-BY-NC-SA-4.0,True,scriabin_op34_n01,scriabin_op34_n01,True,NONE
Alexander Scriabin,Russian,craigsapp/scriabin,7daa1136a4edfaf8d2bfadee973c33f3b76b6760,scriabin-op35_no01,op35/scriabin-op35_no01.krn,3 Preludes: Prelude,Op. 35,1,**kern,5fb11c93996674997700f465c57dbd7ae300625321b697d9aa73a0d9aeb0bda6,True,True,CC-BY-NC-SA-4.0,True,scriabin_op35_n01,scriabin_op35_n01,True,NONE
Alexander Scriabin,Russian,craigsapp/scriabin,7daa1136a4edfaf8d2bfadee973c33f3b76b6760,scriabin-op35_no02,op35/scriabin-op35_no02.krn,3 Preludes: Prelude,Op. 35,2,**kern,7f205f5c47d9ff2244696bfa7c97480258ab30180b9f2aaa174e391676c5df80,True,True,CC-BY-NC-SA-4.0,True,scriabin_op35_n02,scriabin_op35_n02,True,NONE
Alexander Scriabin,Russian,craigsapp/scriabin,7daa1136a4edfaf8d2bfadee973c33f3b76b6760,scriabin-op35_no03,op35/scriabin-op35_no03.krn,3 Preludes: Prelude,Op. 35,3,**kern,ebb6576868cfd15458de7f3d33b648effa14c071a175c3782082131c9333d99c,True,True,CC-BY-NC-SA-4.0,True,scriabin_op35_n03,scriabin_op35_n03,True,NONE
Alexander Scriabin,Russian,craigsapp/scriabin,7daa1136a4edfaf8d2bfadee973c33f3b76b6760,scriabin-op36,op36/scriabin-op36.krn,Poème Satanique,Op. 36,1,**kern,007510e1475e54eef3c07ba2c2644cba01f6174b30f66e7fd3a43d774f62d00e,True,True,CC-BY-NC-SA-4.0,True,scriabin_op36_n01,scriabin_op36_n01,True,NONE
Alexander Scriabin,Russian,craigsapp/scriabin,7daa1136a4edfaf8d2bfadee973c33f3b76b6760,scriabin-op37_no01,op37/scriabin-op37_no01.krn,4 Preludes: Prelude,Op. 37,1,**kern,c77255880692cd023e2bb41806cff04beb83b6f0b83a39175bc5d6c1fc89b8a1,True,True,CC-BY-NC-SA-4.0,True,scriabin_op37_n01,scriabin_op37_n01,True,NONE
Alexander Scriabin,Russian,craigsapp/scriabin,7daa1136a4edfaf8d2bfadee973c33f3b76b6760,scriabin-op37_no02,op37/scriabin-op37_no02.krn,4 Preludes: Prelude,Op. 37,2,**kern,0f4a734cbe806a86f6c5addfa3014df20a06673efd61fa9e65d7f4ba3f9b1444,True,True,CC-BY-NC-SA-4.0,True,scriabin_op37_n02,scriabin_op37_n02,True,NONE
Alexander Scriabin,Russian,craigsapp/scriabin,7daa1136a4edfaf8d2bfadee973c33f3b76b6760,scriabin-op37_no03,op37/scriabin-op37_no03.krn,4 Preludes: Prelude,Op. 37,3,**kern,15a3df05654dcf856c69dbddba3e414380c856ab80d92817d64d5e9c1cc3117e,True,True,CC-BY-NC-SA-4.0,True,scriabin_op37_n03,scriabin_op37_n03,True,NONE
Alexander Scriabin,Russian,craigsapp/scriabin,7daa1136a4edfaf8d2bfadee973c33f3b76b6760,scriabin-op37_no04,op37/scriabin-op37_no04.krn,4 Preludes: Prelude,Op. 37,4,**kern,429426cf41f1844bf628aed188e9a3dbb679e15388868df761a4edc53447a883,True,True,CC-BY-NC-SA-4.0,True,scriabin_op37_n04,scriabin_op37_n04,True,NONE
Alexander Scriabin,Russian,craigsapp/scriabin,7daa1136a4edfaf8d2bfadee973c33f3b76b6760,scriabin-op38,op38/scriabin-op38.krn,Valse,Op. 38,1,**kern,c67b4558454d3211dfb3bbc774759d25e2fc06b24db6770dba0cbc888f6b27d5,True,True,CC-BY-NC-SA-4.0,True,scriabin_op38_n01,scriabin_op38_n01,True,NONE
Alexander Scriabin,Russian,craigsapp/scriabin,7daa1136a4edfaf8d2bfadee973c33f3b76b6760,scriabin-op39_no01,op39/scriabin-op39_no01.krn,4 Preludes: Prelude,Op. 39,1,**kern,586a432e077a33ef5bfa0b630ecd560813700fe5fa87ef8ff8e4eb14f38bcc41,True,True,CC-BY-NC-SA-4.0,True,scriabin_op39_n01,scriabin_op39_n01,True,NONE
Alexander Scriabin,Russian,craigsapp/scriabin,7daa1136a4edfaf8d2bfadee973c33f3b76b6760,scriabin-op39_no02,op39/scriabin-op39_no02.krn,4 Preludes: Prelude,Op. 39,2,**kern,a3840e74591860ad56f3c2239cd592145bd3aba671f2663440489a7bc18eec74,True,True,CC-BY-NC-SA-4.0,True,scriabin_op39_n02,scriabin_op39_n02,True,NONE
Alexander Scriabin,Russian,craigsapp/scriabin,7daa1136a4edfaf8d2bfadee973c33f3b76b6760,scriabin-op39_no03,op39/scriabin-op39_no03.krn,4 Preludes: Prelude,Op. 39,3,**kern,c25d9ad1169d99bed2b7943a9033d09f9346fe1782d1d20b9f62d38f07094b09,True,True,CC-BY-NC-SA-4.0,True,scriabin_op39_n03,scriabin_op39_n03,True,NONE
Alexander Scriabin,Russian,craigsapp/scriabin,7daa1136a4edfaf8d2bfadee973c33f3b76b6760,scriabin-op39_no04,op39/scriabin-op39_no04.krn,4 Preludes: Prelude,Op. 39,4,**kern,0b5ab71377e435e589273e947431f42a4af22bd365e2174805c3746d78ca728f,True,True,CC-BY-NC-SA-4.0,True,scriabin_op39_n04,scriabin_op39_n04,True,NONE
Alexander Scriabin,Russian,craigsapp/scriabin,7daa1136a4edfaf8d2bfadee973c33f3b76b6760,scriabin-op40_no01,op40/scriabin-op40_no01.krn,2 Mazurkas: Mazurka,Op. 40,1,**kern,87f2ebe6f7e6c689d9a0c2cd6ce79de271ec3ae37d67de4c1668f684e3df49fd,True,True,CC-BY-NC-SA-4.0,True,scriabin_op40_n01,scriabin_op40_n01,True,NONE
Alexander Scriabin,Russian,craigsapp/scriabin,7daa1136a4edfaf8d2bfadee973c33f3b76b6760,scriabin-op40_no02,op40/scriabin-op40_no02.krn,2 Mazurkas: Mazurka,Op. 40,2,**kern,acb76157f9232cd58ea985bae0e40dec73498ae06991fcfa33ad4ee073a262a8,True,True,CC-BY-NC-SA-4.0,True,scriabin_op40_n02,scriabin_op40_n02,True,NONE
Alexander Scriabin,Russian,craigsapp/scriabin,7daa1136a4edfaf8d2bfadee973c33f3b76b6760,scriabin-op41,op41/scriabin-op41.krn,Poème,Op. 41,1,**kern,3b98a7d4c320b6b77ec2bd1ec7b217bc786bc011ebbe8a422f88764e838ff576,True,True,CC-BY-NC-SA-4.0,True,scriabin_op41_n01,scriabin_op41_n01,True,NONE
Alexander Scriabin,Russian,craigsapp/scriabin,7daa1136a4edfaf8d2bfadee973c33f3b76b6760,scriabin-op42_no01,op42/scriabin-op42_no01.krn,8 Etudes: Etude,Op. 42,1,**kern,8a910bccdeb2c1d8fea76bcb5fb72bc090629c8b1c3a642de9d728871bfe440e,True,True,CC-BY-NC-SA-4.0,True,scriabin_op42_n01,scriabin_op42_n01,True,NONE
Alexander Scriabin,Russian,craigsapp/scriabin,7daa1136a4edfaf8d2bfadee973c33f3b76b6760,scriabin-op42_no02,op42/scriabin-op42_no02.krn,8 Etudes: Etude,Op. 42,2,**kern,4476e95c4a9984b38d610b5731da3094e781defc9fd8e7e19a6bcd163dbbf581,True,True,CC-BY-NC-SA-4.0,True,scriabin_op42_n02,scriabin_op42_n02,True,NONE
Alexander Scriabin,Russian,craigsapp/scriabin,7daa1136a4edfaf8d2bfadee973c33f3b76b6760,scriabin-op42_no03,op42/scriabin-op42_no03.krn,8 Etudes: Etude,Op. 42,3,**kern,99f5b942552a05717eec540be91eae33f0985633416b95fe9aa403396a1d5825,True,True,CC-BY-NC-SA-4.0,True,scriabin_op42_n03,scriabin_op42_n03,True,NONE
Alexander Scriabin,Russian,craigsapp/scriabin,7daa1136a4edfaf8d2bfadee973c33f3b76b6760,scriabin-op42_no04,op42/scriabin-op42_no04.krn,8 Etudes: Etude,Op. 42,4,**kern,a4f8e101d2f4f4d086f5f18b2eb41f917c29a010eb7718d2b71ed79ac7fd0e13,True,True,CC-BY-NC-SA-4.0,True,scriabin_op42_n04,scriabin_op42_n04,True,NONE
Alexander Scriabin,Russian,craigsapp/scriabin,7daa1136a4edfaf8d2bfadee973c33f3b76b6760,scriabin-op42_no05,op42/scriabin-op42_no05.krn,8 Etudes: Etude,Op. 42,5,**kern,1a966211b986796f38ce14ba100bd52473b533f9326342db409c24f76921fad7,True,True,CC-BY-NC-SA-4.0,True,scriabin_op42_n05,scriabin_op42_n05,True,NONE
Alexander Scriabin,Russian,craigsapp/scriabin,7daa1136a4edfaf8d2bfadee973c33f3b76b6760,scriabin-op42_no06,op42/scriabin-op42_no06.krn,8 Etudes: Etude,Op. 42,6,**kern,816ee9d425dc17cf14e3ecf7f62b74adac7b324cf779014e3cf4d26cef35510a,True,True,CC-BY-NC-SA-4.0,True,scriabin_op42_n06,scriabin_op42_n06,True,NONE
Alexander Scriabin,Russian,craigsapp/scriabin,7daa1136a4edfaf8d2bfadee973c33f3b76b6760,scriabin-op42_no07,op42/scriabin-op42_no07.krn,8 Etudes: Etude,Op. 42,7,**kern,50fee5ee3738d21511d5409bf592c576355daa0e8e6e7ca948cb26dc93d51b27,True,True,CC-BY-NC-SA-4.0,True,scriabin_op42_n07,scriabin_op42_n07,True,NONE
Alexander Scriabin,Russian,craigsapp/scriabin,7daa1136a4edfaf8d2bfadee973c33f3b76b6760,scriabin-op42_no08,op42/scriabin-op42_no08.krn,8 Etudes: Etude,Op. 42,8,**kern,aa57d3cef95b423d7985ddfdd5ffc640c3eb3718f1a1cbe277b6b717e235f6ee,True,True,CC-BY-NC-SA-4.0,True,scriabin_op42_n08,scriabin_op42_n08,True,NONE
Alexander Scriabin,Russian,craigsapp/scriabin,7daa1136a4edfaf8d2bfadee973c33f3b76b6760,scriabin-op44_no01,op44/scriabin-op44_no01.krn,2 Poèmes: Poème,Op. 44,1,**kern,13b2b8fbb4bf3d54ba61ff9dff382a1181da3d0a58e3e6af0029f5c36a029bca,True,True,CC-BY-NC-SA-4.0,True,scriabin_op44_n01,scriabin_op44_n01,True,NONE
Alexander Scriabin,Russian,craigsapp/scriabin,7daa1136a4edfaf8d2bfadee973c33f3b76b6760,scriabin-op44_no02,op44/scriabin-op44_no02.krn,2 Poèmes: Poème,Op. 44,2,**kern,7135545c5ac7a7687142d7fa44c80c7a9fbbabb20293d7c50afdd71bfc64e788,True,True,CC-BY-NC-SA-4.0,True,scriabin_op44_n02,scriabin_op44_n02,True,NONE
Alexander Scriabin,Russian,craigsapp/scriabin,7daa1136a4edfaf8d2bfadee973c33f3b76b6760,scriabin-op45_no01,op45/scriabin-op45_no01.krn,3 Morceaux: Feuillet d'album,Op. 45,1,**kern,8d72d69d4aaedb8b4a5c00b2c81ec0653f0e450e6e7f1500be48e07d916e8ace,True,True,CC-BY-NC-SA-4.0,True,scriabin_op45_n01,scriabin_op45_n01,True,NONE
Alexander Scriabin,Russian,craigsapp/scriabin,7daa1136a4edfaf8d2bfadee973c33f3b76b6760,scriabin-op45_no02,op45/scriabin-op45_no02.krn,3 Morceaux: Poème fantastique,Op. 45,2,**kern,9cf6438bbfc7a9f62784f821c822c016a6035fc22adef32fd4ab1f46c5579d8d,True,True,CC-BY-NC-SA-4.0,True,scriabin_op45_n02,scriabin_op45_n02,True,NONE
Alexander Scriabin,Russian,craigsapp/scriabin,7daa1136a4edfaf8d2bfadee973c33f3b76b6760,scriabin-op45_no03,op45/scriabin-op45_no03.krn,3 Morceaux: Prelude,Op. 45,3,**kern,1ca78117c9d79b163c92919d3dbbdb950be6da7b27ae7dd0bc8007ab75d37033,True,True,CC-BY-NC-SA-4.0,True,scriabin_op45_n03,scriabin_op45_n03,True,NONE
Alexander Scriabin,Russian,craigsapp/scriabin,7daa1136a4edfaf8d2bfadee973c33f3b76b6760,scriabin-op46,op46/scriabin-op46.krn,Scherzo,Op. 46,1,**kern,affc2bdc65be5f8da4e51576f70b83cd34de158070ef44bb36989a3b5b66a438,True,True,CC-BY-NC-SA-4.0,True,scriabin_op46_n01,scriabin_op46_n01,True,NONE
Alexander Scriabin,Russian,craigsapp/scriabin,7daa1136a4edfaf8d2bfadee973c33f3b76b6760,scriabin-op47,op47/scriabin-op47.krn,Quasi-valse,Op. 47,1,**kern,acd105980e11b790efe14503cdd67c733bcc38e7033713fba8423ef243b24a94,True,True,CC-BY-NC-SA-4.0,True,scriabin_op47_n01,scriabin_op47_n01,True,NONE
Alexander Scriabin,Russian,craigsapp/scriabin,7daa1136a4edfaf8d2bfadee973c33f3b76b6760,scriabin-op48_no01,op48/scriabin-op48_no01.krn,4 Preludes: Prelude,Op. 48,1,**kern,44c457be6c5eba993c42e1be790829ae9cbf4a1ad97a5084b4f69e51bb7a7a66,True,True,CC-BY-NC-SA-4.0,True,scriabin_op48_n01,scriabin_op48_n01,True,NONE
Alexander Scriabin,Russian,craigsapp/scriabin,7daa1136a4edfaf8d2bfadee973c33f3b76b6760,scriabin-op48_no02,op48/scriabin-op48_no02.krn,4 Preludes: Prelude,Op. 48,2,**kern,0b8cb3b72417e5aad024ef92515c4f417d3a3fb37f12cd091d216594af50c30d,True,True,CC-BY-NC-SA-4.0,True,scriabin_op48_n02,scriabin_op48_n02,True,NONE
Alexander Scriabin,Russian,craigsapp/scriabin,7daa1136a4edfaf8d2bfadee973c33f3b76b6760,scriabin-op48_no03,op48/scriabin-op48_no03.krn,4 Preludes: Prelude,Op. 48,3,**kern,4694c15d72313a58d51846aadced6b86e4a1111da35f2b4dcd3718ad9e67453b,True,True,CC-BY-NC-SA-4.0,True,scriabin_op48_n03,scriabin_op48_n03,True,NONE
Alexander Scriabin,Russian,craigsapp/scriabin,7daa1136a4edfaf8d2bfadee973c33f3b76b6760,scriabin-op48_no04,op48/scriabin-op48_no04.krn,4 Preludes: Prelude,Op. 48,4,**kern,11ecbe4c4d845aaa8619c6969a8303c3a5e2aa3f6c197356d2d8d6c0b83bc010,True,True,CC-BY-NC-SA-4.0,True,scriabin_op48_n04,scriabin_op48_n04,True,NONE
Alexander Scriabin,Russian,craigsapp/scriabin,7daa1136a4edfaf8d2bfadee973c33f3b76b6760,scriabin-op49_no01,op49/scriabin-op49_no01.krn,3 Morceaux: Etude,Op. 49,1,**kern,ea008c4498978bf1ed42009ce6d988bf58bd876fdec91b2ccb9531efadb8cc8d,True,True,CC-BY-NC-SA-4.0,True,scriabin_op49_n01,scriabin_op49_n01,True,NONE
Alexander Scriabin,Russian,craigsapp/scriabin,7daa1136a4edfaf8d2bfadee973c33f3b76b6760,scriabin-op49_no02,op49/scriabin-op49_no02.krn,3 Morceaux: Prelude,Op. 49,2,**kern,b4debf3ba2df3eb01fe8ee8cc6f296c7fa883d96bb33073a67c7627bffcdda34,True,True,CC-BY-NC-SA-4.0,True,scriabin_op49_n02,scriabin_op49_n02,True,NONE
Alexander Scriabin,Russian,craigsapp/scriabin,7daa1136a4edfaf8d2bfadee973c33f3b76b6760,scriabin-op49_no03,op49/scriabin-op49_no03.krn,3 Morceaux: Rêverie,Op. 49,3,**kern,899c4db7a1071fc19a42cb3ca0ad334ac8897ccc9f19fa954058d474f68cd297,True,True,CC-BY-NC-SA-4.0,True,scriabin_op49_n03,scriabin_op49_n03,True,NONE
Alexander Scriabin,Russian,craigsapp/scriabin,7daa1136a4edfaf8d2bfadee973c33f3b76b6760,scriabin-op51_no01,op51/scriabin-op51_no01.krn,4 Morceaux: Fragilité,Op. 51,1,**kern,9ea857f73a09ce4a14b4cc86d0a96947fe293b98d994ae60847e1cc6710d1cf4,True,True,CC-BY-NC-SA-4.0,True,scriabin_op51_n01,scriabin_op51_n01,True,NONE
Alexander Scriabin,Russian,craigsapp/scriabin,7daa1136a4edfaf8d2bfadee973c33f3b76b6760,scriabin-op51_no02,op51/scriabin-op51_no02.krn,4 Morceaux: Prelude,Op. 51,2,**kern,e18ac5096d11e7fead9bb4f1937c287c1a101053d217f8e5d282946c1f9b76a7,True,True,CC-BY-NC-SA-4.0,True,scriabin_op51_n02,scriabin_op51_n02,True,NONE
Alexander Scriabin,Russian,craigsapp/scriabin,7daa1136a4edfaf8d2bfadee973c33f3b76b6760,scriabin-op51_no03,op51/scriabin-op51_no03.krn,4 Morceaux: Poème ailé,Op. 51,3,**kern,0f6f362702446c38d16292e101a64294aa5ec209f4df6b216c904dd7a05113bb,True,True,CC-BY-NC-SA-4.0,True,scriabin_op51_n03,scriabin_op51_n03,True,NONE
Alexander Scriabin,Russian,craigsapp/scriabin,7daa1136a4edfaf8d2bfadee973c33f3b76b6760,scriabin-op51_no04,op51/scriabin-op51_no04.krn,4 Morceaux: Danse languide,Op. 51,4,**kern,e8bd4b900d75f21e183bdcc01d052c3d59b89d7ed5a563bb2fd79b8173141efa,True,True,CC-BY-NC-SA-4.0,True,scriabin_op51_n04,scriabin_op51_n04,True,NONE
Alexander Scriabin,Russian,craigsapp/scriabin,7daa1136a4edfaf8d2bfadee973c33f3b76b6760,scriabin-op52_no01,op52/scriabin-op52_no01.krn,3 Morceaux: Poème,Op. 52,1,**kern,91664309d7b6f8d142779ad2efc5f43e4f51d7e50c9e70182c417aa523e1d22c,True,True,CC-BY-NC-SA-4.0,True,scriabin_op52_n01,scriabin_op52_n01,True,NONE
Alexander Scriabin,Russian,craigsapp/scriabin,7daa1136a4edfaf8d2bfadee973c33f3b76b6760,scriabin-op52_no02,op52/scriabin-op52_no02.krn,3 Morceaux: Enigme,Op. 52,2,**kern,a29e8c73ae4e21a4070b7f1701ade9c17c13b46171c84e857d98f48fa5d1ad40,True,True,CC-BY-NC-SA-4.0,True,scriabin_op52_n02,scriabin_op52_n02,True,NONE
Alexander Scriabin,Russian,craigsapp/scriabin,7daa1136a4edfaf8d2bfadee973c33f3b76b6760,scriabin-op52_no03,op52/scriabin-op52_no03.krn,3 Morceaux: Poème languide,Op. 52,3,**kern,493f25696cff8c8b29515f7113d8b6019894781c4fd7d1af0711cc002725c009,True,True,CC-BY-NC-SA-4.0,True,scriabin_op52_n03,scriabin_op52_n03,True,NONE
Alexander Scriabin,Russian,SyMuPe/PERiScoPe,v1.1,"Alexander_Scriabin/Piano_Sonata_No._5,_Op._53/score.musicxml","Alexander_Scriabin/Piano_Sonata_No._5,_Op._53/score.musicxml","Piano Sonata No. 5, Op. 53",Op. 53,1,MusicXML,None,True,True,CC-BY-NC-SA-4.0,True,scriabin_op53_n01,scriabin_op53_n01,False,DUPLICATE_PRIORITIZED_PRIMARY_RECORD_ACCEPTED
Alexander Scriabin,Russian,fosfrancesco/asap-dataset,master,Scriabin/Sonatas/5/xml_score.musicxml,Scriabin/Sonatas/5/xml_score.musicxml,"Piano Sonata No. 5, Op. 53",Op. 53,1,MusicXML,None,True,True,CC-BY-NC-SA-4.0,True,scriabin_op53_n01,scriabin_op53_n01,False,DUPLICATE_PRIORITIZED_PRIMARY_RECORD_ACCEPTED
Alexander Scriabin,Russian,craigsapp/scriabin,7daa1136a4edfaf8d2bfadee973c33f3b76b6760,scriabin-op53,op53/scriabin-op53.krn,Sonata No. 5,Op. 53,1,**kern,51d4fd56018727125d4859b7446c66e8504a72684cf2fad29311e0240ea2bbdb,True,True,CC-BY-NC-SA-4.0,True,scriabin_op53_n01,scriabin_op53_n01,True,NONE
Alexander Scriabin,Russian,craigsapp/scriabin,7daa1136a4edfaf8d2bfadee973c33f3b76b6760,scriabin-op56_no01,op56/scriabin-op56_no01.krn,4 Morceaux: Prelude,Op. 56,1,**kern,2bad1a6fc6a5f67a8ca06aad61290e9b5a3e5ad465d131ad1d5bff73863b65e0,True,True,CC-BY-NC-SA-4.0,True,scriabin_op56_n01,scriabin_op56_n01,True,NONE
Alexander Scriabin,Russian,craigsapp/scriabin,7daa1136a4edfaf8d2bfadee973c33f3b76b6760,scriabin-op56_no02,op56/scriabin-op56_no02.krn,4 Morceaux: Ironies,Op. 56,2,**kern,9a22a31f3d0dedf5990091393836f3d1eadb01d3af18fbf233118778ca06f814,True,True,CC-BY-NC-SA-4.0,True,scriabin_op56_n02,scriabin_op56_n02,True,NONE
Alexander Scriabin,Russian,craigsapp/scriabin,7daa1136a4edfaf8d2bfadee973c33f3b76b6760,scriabin-op56_no03,op56/scriabin-op56_no03.krn,4 Morceaux: Nuances,Op. 56,3,**kern,3821c19aecb9bbddee576210ed4d55319e66dd0926979f683e076287293d1489,True,True,CC-BY-NC-SA-4.0,True,scriabin_op56_n03,scriabin_op56_n03,True,NONE
Alexander Scriabin,Russian,craigsapp/scriabin,7daa1136a4edfaf8d2bfadee973c33f3b76b6760,scriabin-op56_no04,op56/scriabin-op56_no04.krn,4 Morceaux: Etude,Op. 56,4,**kern,53c978b07066c9379b3ecb3503b22018211dc9ba68abeff59ec925f5acbfb562,True,True,CC-BY-NC-SA-4.0,True,scriabin_op56_n04,scriabin_op56_n04,True,NONE
Alexander Scriabin,Russian,craigsapp/scriabin,7daa1136a4edfaf8d2bfadee973c33f3b76b6760,scriabin-op57_no01,op57/scriabin-op57_no01.krn,2 Morceaux: Désir,Op. 57,1,**kern,75d7d404b046e0b07f0b86ada722c857b989e25afe5fa291e48d988df31b3eda,True,True,CC-BY-NC-SA-4.0,True,scriabin_op57_n01,scriabin_op57_n01,True,NONE
Alexander Scriabin,Russian,craigsapp/scriabin,7daa1136a4edfaf8d2bfadee973c33f3b76b6760,scriabin-op57_no02,op57/scriabin-op57_no02.krn,2 Morceaux: Caresse dansée,Op. 57,2,**kern,bc34f0946fe2eada3796b7342e7cded808665a1ae44c86d05e4860a555824b74,True,True,CC-BY-NC-SA-4.0,True,scriabin_op57_n02,scriabin_op57_n02,True,NONE
Alexander Scriabin,Russian,craigsapp/scriabin,7daa1136a4edfaf8d2bfadee973c33f3b76b6760,scriabin-op58,op58/scriabin-op58.krn,Feuillet d'album,Op. 58,1,**kern,fc3b9da9d34640941695d77af00dd8cba8619ac024944fdb618e26c7ec811cd4,True,True,CC-BY-NC-SA-4.0,True,scriabin_op58_n01,scriabin_op58_n01,True,NONE
Alexander Scriabin,Russian,craigsapp/scriabin,7daa1136a4edfaf8d2bfadee973c33f3b76b6760,scriabin-op59_no01,op59/scriabin-op59_no01.krn,2 Morceaux: Poème,Op. 59,1,**kern,39dcee490ad6d25982af7abb484fe56162e24256f3053875043c867920a19432,True,True,CC-BY-NC-SA-4.0,True,scriabin_op59_n01,scriabin_op59_n01,True,NONE
Alexander Scriabin,Russian,craigsapp/scriabin,7daa1136a4edfaf8d2bfadee973c33f3b76b6760,scriabin-op59_no02,op59/scriabin-op59_no02.krn,2 Morceaux: Prelude,Op. 59,2,**kern,a7076d43a7f4867c4502c7172b1b169c04e7cd4a4971dfe7cd33172289388659,True,True,CC-BY-NC-SA-4.0,True,scriabin_op59_n02,scriabin_op59_n02,True,NONE
Alexander Scriabin,Russian,craigsapp/scriabin,7daa1136a4edfaf8d2bfadee973c33f3b76b6760,scriabin-op61,op61/scriabin-op61.krn,Poème-Nocturne,Op. 61,1,**kern,50893fe0fec5d549fe31fda4be7b385de19ce7d8d318c554099c70bfaa30be18,True,True,CC-BY-NC-SA-4.0,True,scriabin_op61_n01,scriabin_op61_n01,True,NONE
Alexander Scriabin,Russian,craigsapp/scriabin,7daa1136a4edfaf8d2bfadee973c33f3b76b6760,scriabin-op62,op62/scriabin-op62.krn,Sonata No. 6,Op. 62,1,**kern,4753ee7e3ce422cd6db8829177e286be5a2e34a9b4b77bf2342266a3567ca570,True,True,CC-BY-NC-SA-4.0,True,scriabin_op62_n01,scriabin_op62_n01,True,NONE
Alexander Scriabin,Russian,craigsapp/scriabin,7daa1136a4edfaf8d2bfadee973c33f3b76b6760,scriabin-op63_no01,op63/scriabin-op63_no01.krn,2 Poèmes: Masque,Op. 63,1,**kern,89e610262c519213823fa50b4fc9292185e406c4875f1adf156b50b0259c5765,True,True,CC-BY-NC-SA-4.0,True,scriabin_op63_n01,scriabin_op63_n01,True,NONE
Alexander Scriabin,Russian,craigsapp/scriabin,7daa1136a4edfaf8d2bfadee973c33f3b76b6760,scriabin-op63_no02,op63/scriabin-op63_no02.krn,2 Poèmes: Etrangeté,Op. 63,2,**kern,10f4efc252811adbc822778bfa19460d570d8ff689e1ae0ea4a7fdd62f960969,True,True,CC-BY-NC-SA-4.0,True,scriabin_op63_n02,scriabin_op63_n02,True,NONE
Alexander Scriabin,Russian,craigsapp/scriabin,7daa1136a4edfaf8d2bfadee973c33f3b76b6760,scriabin-op64,op64/scriabin-op64.krn,Sonata No. 7,Op. 64,1,**kern,fd3903bcb712fc5b3594b6340f1c6a9e8451270826e249fe789e5a7ddf18483c,True,True,CC-BY-NC-SA-4.0,True,scriabin_op64_n01,scriabin_op64_n01,True,NONE
Alexander Scriabin,Russian,craigsapp/scriabin,7daa1136a4edfaf8d2bfadee973c33f3b76b6760,scriabin-op65_no01,op65/scriabin-op65_no01.krn,3 Etudes: Etude,Op. 65,1,**kern,76f841b5b54c42dd345f845e4528e0088a77637e68b5d2b6bccd3d1566e1b218,True,True,CC-BY-NC-SA-4.0,True,scriabin_op65_n01,scriabin_op65_n01,True,NONE
Alexander Scriabin,Russian,craigsapp/scriabin,7daa1136a4edfaf8d2bfadee973c33f3b76b6760,scriabin-op65_no02,ccarh_kern/scriabin-op65_no02.krn,3 Etudes: Etude,Op. 65,2,**kern,b63f48c120a6331857851009f54f0f3958e2320f2820b872c8c9cb4b37a768c9,True,True,CC-BY-NC-SA-4.0,True,scriabin_op65_n02,scriabin_op65_n02,True,NONE
Alexander Scriabin,Russian,craigsapp/scriabin,7daa1136a4edfaf8d2bfadee973c33f3b76b6760,scriabin-op65_no03,ccarh_kern/scriabin-op65_no03.krn,3 Etudes: Etude,Op. 65,3,**kern,6beb1c91e1f03f7a4894a981b2564d3e9b62f05809678839ce24c9645ac4ad35,True,True,CC-BY-NC-SA-4.0,True,scriabin_op65_n03,scriabin_op65_n03,True,NONE
Alexander Scriabin,Russian,craigsapp/scriabin,7daa1136a4edfaf8d2bfadee973c33f3b76b6760,scriabin-op66,op66/scriabin-op66.krn,Sonata No. 8,Op. 66,1,**kern,a32d7e9632c685ff63f67c758f0b99bab9b253ba7862e69fb7309ae6c3146081,True,True,CC-BY-NC-SA-4.0,True,scriabin_op66_n01,scriabin_op66_n01,True,NONE
Alexander Scriabin,Russian,craigsapp/scriabin,7daa1136a4edfaf8d2bfadee973c33f3b76b6760,scriabin-op67_no01,op67/scriabin-op67_no01.krn,2 Preludes: Prelude,Op. 67,1,**kern,74cf6ab99f464e09a1b4b23c8dc000790087753a0bd8ad46e9bd126ff661da70,True,True,CC-BY-NC-SA-4.0,True,scriabin_op67_n01,scriabin_op67_n01,True,NONE
Alexander Scriabin,Russian,craigsapp/scriabin,7daa1136a4edfaf8d2bfadee973c33f3b76b6760,scriabin-op67_no02,op67/scriabin-op67_no02.krn,2 Preludes: Prelude,Op. 67,2,**kern,531fe5ad33947576260233808611b344be7ac4a194b4fe344ed699036f10e801,True,True,CC-BY-NC-SA-4.0,True,scriabin_op67_n02,scriabin_op67_n02,True,NONE
Alexander Scriabin,Russian,craigsapp/scriabin,7daa1136a4edfaf8d2bfadee973c33f3b76b6760,scriabin-op68,op68/scriabin-op68.krn,Sonata No. 9,Op. 68,1,**kern,2ece6222e9c053c3db2d01cec5391bebdb0873d95c02a09e72f2d3222dc905bb,True,True,CC-BY-NC-SA-4.0,True,scriabin_op68_n01,scriabin_op68_n01,True,NONE
Alexander Scriabin,Russian,craigsapp/scriabin,7daa1136a4edfaf8d2bfadee973c33f3b76b6760,scriabin-op69_no01,op69/scriabin-op69_no01.krn,2 Poèmes: Poème,Op. 69,1,**kern,7190e08335ec25c895590ac247fe7275cccafda313a324ed5b47d826b694e74b,True,True,CC-BY-NC-SA-4.0,True,scriabin_op69_n01,scriabin_op69_n01,True,NONE
Alexander Scriabin,Russian,craigsapp/scriabin,7daa1136a4edfaf8d2bfadee973c33f3b76b6760,scriabin-op69_no02,op69/scriabin-op69_no02.krn,2 Poèmes: Poème,Op. 69,2,**kern,598c2074ebb0f3c7b8c1b55524ff31f0b21abc63358e4f64ff1f5058a9363465,True,True,CC-BY-NC-SA-4.0,True,scriabin_op69_n02,scriabin_op69_n02,True,NONE
Alexander Scriabin,Russian,craigsapp/scriabin,7daa1136a4edfaf8d2bfadee973c33f3b76b6760,scriabin-op70,op70/scriabin-op70.krn,Sonata No. 10,Op. 70,1,**kern,58d3d1f520de05bf54a191f11e6403271ce5d1fe78c3cfd2dc1da89cf415aa70,True,True,CC-BY-NC-SA-4.0,True,scriabin_op70_n01,scriabin_op70_n01,True,NONE
Alexander Scriabin,Russian,craigsapp/scriabin,7daa1136a4edfaf8d2bfadee973c33f3b76b6760,scriabin-op71_no01,op71/scriabin-op71_no01.krn,2 Poèmes: Poème,Op. 71,1,**kern,fca8512d27fae1b2208995cab881e9ddb053d0e28984cf72e9155c800c7122c8,True,True,CC-BY-NC-SA-4.0,True,scriabin_op71_n01,scriabin_op71_n01,True,NONE
Alexander Scriabin,Russian,craigsapp/scriabin,7daa1136a4edfaf8d2bfadee973c33f3b76b6760,scriabin-op71_no02,op71/scriabin-op71_no02.krn,2 Poèmes: Poème,Op. 71,2,**kern,f23956f3a78f9f7ebcd72387dcb5a759d849d733857a3d7ab26f666ccda687b1,True,True,CC-BY-NC-SA-4.0,True,scriabin_op71_n02,scriabin_op71_n02,True,NONE
Alexander Scriabin,Russian,craigsapp/scriabin,7daa1136a4edfaf8d2bfadee973c33f3b76b6760,scriabin-op72,op72/scriabin-op72.krn,Vers la flamme,Op. 72,1,**kern,2aeec9a690722d6387079e3e80c8314c7fa910c1c3b5c4092afc13f89766d1fc,True,True,CC-BY-NC-SA-4.0,True,scriabin_op72_n01,scriabin_op72_n01,True,NONE
Alexander Scriabin,Russian,craigsapp/scriabin,7daa1136a4edfaf8d2bfadee973c33f3b76b6760,scriabin-op73_no01,op73/scriabin-op73_no01.krn,2 Danses: Guirlandes,Op. 73,1,**kern,7029f010de3121f26329029dbcf443896582975aa26608be2d5be58659898b05,True,True,CC-BY-NC-SA-4.0,True,scriabin_op73_n01,scriabin_op73_n01,True,NONE
Alexander Scriabin,Russian,craigsapp/scriabin,7daa1136a4edfaf8d2bfadee973c33f3b76b6760,scriabin-op73_no02,op73/scriabin-op73_no02.krn,2 Danses: Flammes sombres,Op. 73,2,**kern,9a6dd4791fe3985169aed146211dfaee50c48195ab14e748dc8d17508ad9843d,True,True,CC-BY-NC-SA-4.0,True,scriabin_op73_n02,scriabin_op73_n02,True,NONE
Alexander Scriabin,Russian,craigsapp/scriabin,7daa1136a4edfaf8d2bfadee973c33f3b76b6760,scriabin-op74_no01,op74/scriabin-op74_no01.krn,5 Preludes: Prelude,Op. 74,1,**kern,20d68fdc969c88d00b925874616feab2b5f10683cd8af797124b8cbb1e623a36,True,True,CC-BY-NC-SA-4.0,True,scriabin_op74_n01,scriabin_op74_n01,True,NONE
Alexander Scriabin,Russian,craigsapp/scriabin,7daa1136a4edfaf8d2bfadee973c33f3b76b6760,scriabin-op74_no02,op74/scriabin-op74_no02.krn,5 Preludes: Prelude,Op. 74,2,**kern,f2964960ded459b34e80a549ac0747f2d853e850a95f28eff39736f64502be62,True,True,CC-BY-NC-SA-4.0,True,scriabin_op74_n02,scriabin_op74_n02,True,NONE
Alexander Scriabin,Russian,craigsapp/scriabin,7daa1136a4edfaf8d2bfadee973c33f3b76b6760,scriabin-op74_no03,op74/scriabin-op74_no03.krn,5 Preludes: Prelude,Op. 74,3,**kern,36a65821589c1e4d28969e8220c0bbd81cdd8dd81e669e239093f060a48894a3,True,True,CC-BY-NC-SA-4.0,True,scriabin_op74_n03,scriabin_op74_n03,True,NONE
Alexander Scriabin,Russian,craigsapp/scriabin,7daa1136a4edfaf8d2bfadee973c33f3b76b6760,scriabin-op74_no04,op74/scriabin-op74_no04.krn,5 Preludes: Prelude,Op. 74,4,**kern,84b07e0e033ebaff09a76006fd75785c5d569894511ccb43c4ab3077d0627bc7,True,True,CC-BY-NC-SA-4.0,True,scriabin_op74_n04,scriabin_op74_n04,True,NONE
Alexander Scriabin,Russian,craigsapp/scriabin,7daa1136a4edfaf8d2bfadee973c33f3b76b6760,scriabin-op74_no05,op74/scriabin-op74_no05.krn,5 Preludes: Prelude,Op. 74,5,**kern,85dda81b96f25f07869ab1c84357e05d3de0dc8b956a3c09f69e7b210fd069d3,True,True,CC-BY-NC-SA-4.0,True,scriabin_op74_n05,scriabin_op74_n05,True,NONE
Anatoly Lyadov,Russian,"Audited open repositories (KernScores, PDMX, PERiScoPe, ATEPP, PianoCoRe)",exhausted_audit_2026,none,none,none,none,none,none,none,False,False,none,False,none,none,False,ZERO_SYMBOLIC_SOLO_PIANO_PIECES_AVAILABLE
Anton Arensky,Russian,"Audited open repositories (KernScores, PDMX, PERiScoPe, ATEPP, PianoCoRe)",exhausted_audit_2026,none,none,none,none,none,none,none,False,False,none,False,none,none,False,ZERO_SYMBOLIC_SOLO_PIANO_PIECES_AVAILABLE
Anton Rubinstein,Russian,SyMuPe/PERiScoPe,v1.1,"Anton_Rubinstein/2_Mélodies,_Op.3/1._Moderato_assai_(F_major)/score.mxl","v1.1/scores/Anton_Rubinstein/2_Mélodies,_Op.3/1._Moderato_assai_(F_major)/score.mxl","2 Mélodies, Op. 3: No. 1 Moderato assai (Mélodie in F)",Op. 3,1,MusicXML,None,True,True,CC-BY-NC-SA-4.0,True,rubinstein_op03_no01,rubinstein_op03_no01,True,NONE
Antonín Dvořák,Control,DCMLab/dvorak_silhouettes,f228006fcd8696c809cfc8e701ed215cec3d07f1,op08n01,MS3/op08n01.mscx,Silhouettes: Allegro feroce,op. 8,Allegro feroce,MuseScore,None,True,True,CC-BY-NC-SA-4.0,True,dvorak_op08n01,dvorak_op08n01,True,NONE
Antonín Dvořák,Control,DCMLab/dvorak_silhouettes,f228006fcd8696c809cfc8e701ed215cec3d07f1,op08n02,MS3/op08n02.mscx,Silhouettes: Andantino,op. 8,Andantino,MuseScore,None,True,True,CC-BY-NC-SA-4.0,True,dvorak_op08n02,dvorak_op08n02,True,NONE
Antonín Dvořák,Control,DCMLab/dvorak_silhouettes,f228006fcd8696c809cfc8e701ed215cec3d07f1,op08n03,MS3/op08n03.mscx,Silhouettes: Allegretto,op. 8,Allegretto,MuseScore,None,True,True,CC-BY-NC-SA-4.0,True,dvorak_op08n03,dvorak_op08n03,True,NONE
Antonín Dvořák,Control,DCMLab/dvorak_silhouettes,f228006fcd8696c809cfc8e701ed215cec3d07f1,op08n04,MS3/op08n04.mscx,Silhouettes: Vivace,op. 8,Vivace,MuseScore,None,True,True,CC-BY-NC-SA-4.0,True,dvorak_op08n04,dvorak_op08n04,True,NONE
Antonín Dvořák,Control,DCMLab/dvorak_silhouettes,f228006fcd8696c809cfc8e701ed215cec3d07f1,op08n05,MS3/op08n05.mscx,Silhouettes: Presto,op. 8,Presto,MuseScore,None,True,True,CC-BY-NC-SA-4.0,True,dvorak_op08n05,dvorak_op08n05,True,NONE
Antonín Dvořák,Control,DCMLab/dvorak_silhouettes,f228006fcd8696c809cfc8e701ed215cec3d07f1,op08n06,MS3/op08n06.mscx,Silhouettes: Poco sostenuto,op. 8,Poco sostenuto,MuseScore,None,True,True,CC-BY-NC-SA-4.0,True,dvorak_op08n06,dvorak_op08n06,True,NONE
Antonín Dvořák,Control,DCMLab/dvorak_silhouettes,f228006fcd8696c809cfc8e701ed215cec3d07f1,op08n07,MS3/op08n07.mscx,Silhouettes: Allegro,op. 8,Allegro,MuseScore,None,True,True,CC-BY-NC-SA-4.0,True,dvorak_op08n07,dvorak_op08n07,True,NONE
Antonín Dvořák,Control,DCMLab/dvorak_silhouettes,f228006fcd8696c809cfc8e701ed215cec3d07f1,op08n08,MS3/op08n08.mscx,Silhouettes: Allegretto,op. 8,Allegretto,MuseScore,None,True,True,CC-BY-NC-SA-4.0,True,dvorak_op08n08,dvorak_op08n08,True,NONE
Antonín Dvořák,Control,DCMLab/dvorak_silhouettes,f228006fcd8696c809cfc8e701ed215cec3d07f1,op08n09,MS3/op08n09.mscx,Silhouettes: Allegro,op. 8,Allegro,MuseScore,None,True,True,CC-BY-NC-SA-4.0,True,dvorak_op08n09,dvorak_op08n09,True,NONE
Antonín Dvořák,Control,DCMLab/dvorak_silhouettes,f228006fcd8696c809cfc8e701ed215cec3d07f1,op08n10,MS3/op08n10.mscx,Silhouettes: Allegretto grazioso,op. 8,Allegretto grazioso,MuseScore,None,True,True,CC-BY-NC-SA-4.0,True,dvorak_op08n10,dvorak_op08n10,True,NONE
Antonín Dvořák,Control,DCMLab/dvorak_silhouettes,f228006fcd8696c809cfc8e701ed215cec3d07f1,op08n11,MS3/op08n11.mscx,Silhouettes: Allegro moderato,op. 8,Allegro moderato,MuseScore,None,True,True,CC-BY-NC-SA-4.0,True,dvorak_op08n11,dvorak_op08n11,True,NONE
Antonín Dvořák,Control,DCMLab/dvorak_silhouettes,f228006fcd8696c809cfc8e701ed215cec3d07f1,op08n12,MS3/op08n12.mscx,Silhouettes: Allegro feroce,op. 8,Allegro feroce,MuseScore,None,True,True,CC-BY-NC-SA-4.0,True,dvorak_op08n12,dvorak_op08n12,True,NONE
Béla Bartók,Control,DCMLab/bartok_bagatelles,c6221f6ecb4dbcd476e827f6bf8705bdcb15c8a9,op06n01,MS3/op06n01.mscx,14 Bagatelles: Molto sostenuto,"Op. 6, Sz.38, BB 50",Molto sostenuto,MuseScore,None,True,True,CC-BY-NC-SA-4.0,True,bartok_op06n01,bartok_op06n01,True,NONE
Béla Bartók,Control,DCMLab/bartok_bagatelles,c6221f6ecb4dbcd476e827f6bf8705bdcb15c8a9,op06n02,MS3/op06n02.mscx,14 Bagatelles: Allegro giocoso,"Op. 6, Sz.38, BB 50",Allegro giocoso,MuseScore,None,True,True,CC-BY-NC-SA-4.0,True,bartok_op06n02,bartok_op06n02,True,NONE
Béla Bartók,Control,DCMLab/bartok_bagatelles,c6221f6ecb4dbcd476e827f6bf8705bdcb15c8a9,op06n03,MS3/op06n03.mscx,14 Bagatelles: Andante,"Op. 6, Sz.38, BB 50",Andante,MuseScore,None,True,True,CC-BY-NC-SA-4.0,True,bartok_op06n03,bartok_op06n03,True,NONE
Béla Bartók,Control,DCMLab/bartok_bagatelles,c6221f6ecb4dbcd476e827f6bf8705bdcb15c8a9,op06n04,MS3/op06n04.mscx,14 Bagatelles: Grave,"Op. 6, Sz.38, BB 50",Grave,MuseScore,None,True,True,CC-BY-NC-SA-4.0,True,bartok_op06n04,bartok_op06n04,True,NONE
Béla Bartók,Control,DCMLab/bartok_bagatelles,c6221f6ecb4dbcd476e827f6bf8705bdcb15c8a9,op06n05,MS3/op06n05.mscx,14 Bagatelles: Vivo,"Op. 6, Sz.38, BB 50",Vivo,MuseScore,None,True,True,CC-BY-NC-SA-4.0,True,bartok_op06n05,bartok_op06n05,True,NONE
Béla Bartók,Control,DCMLab/bartok_bagatelles,c6221f6ecb4dbcd476e827f6bf8705bdcb15c8a9,op06n06,MS3/op06n06.mscx,14 Bagatelles: Lento,"Op. 6, Sz.38, BB 50",Lento,MuseScore,None,True,True,CC-BY-NC-SA-4.0,True,bartok_op06n06,bartok_op06n06,True,NONE
Béla Bartók,Control,DCMLab/bartok_bagatelles,c6221f6ecb4dbcd476e827f6bf8705bdcb15c8a9,op06n07,MS3/op06n07.mscx,14 Bagatelles: Allegretto molto capriccioso,"Op. 6, Sz.38, BB 50",Allegretto molto capriccioso,MuseScore,None,True,True,CC-BY-NC-SA-4.0,True,bartok_op06n07,bartok_op06n07,True,NONE
Béla Bartók,Control,DCMLab/bartok_bagatelles,c6221f6ecb4dbcd476e827f6bf8705bdcb15c8a9,op06n08,MS3/op06n08.mscx,14 Bagatelles: Andante sostenuto,"Op. 6, Sz.38, BB 50",Andante sostenuto,MuseScore,None,True,True,CC-BY-NC-SA-4.0,True,bartok_op06n08,bartok_op06n08,True,NONE
Béla Bartók,Control,DCMLab/bartok_bagatelles,c6221f6ecb4dbcd476e827f6bf8705bdcb15c8a9,op06n09,MS3/op06n09.mscx,14 Bagatelles: Allegretto grazioso,"Op. 6, Sz.38, BB 50",Allegretto grazioso,MuseScore,None,True,True,CC-BY-NC-SA-4.0,True,bartok_op06n09,bartok_op06n09,True,NONE
Béla Bartók,Control,DCMLab/bartok_bagatelles,c6221f6ecb4dbcd476e827f6bf8705bdcb15c8a9,op06n10,MS3/op06n10.mscx,14 Bagatelles: Allegro,"Op. 6, Sz.38, BB 50",Allegro,MuseScore,None,True,True,CC-BY-NC-SA-4.0,True,bartok_op06n10,bartok_op06n10,True,NONE
Béla Bartók,Control,DCMLab/bartok_bagatelles,c6221f6ecb4dbcd476e827f6bf8705bdcb15c8a9,op06n11,MS3/op06n11.mscx,14 Bagatelles: Allegretto molto rubato,"Op. 6, Sz.38, BB 50",Allegretto molto rubato,MuseScore,None,True,True,CC-BY-NC-SA-4.0,True,bartok_op06n11,bartok_op06n11,True,NONE
Béla Bartók,Control,DCMLab/bartok_bagatelles,c6221f6ecb4dbcd476e827f6bf8705bdcb15c8a9,op06n12,MS3/op06n12.mscx,14 Bagatelles: Rubato,"Op. 6, Sz.38, BB 50",Rubato,MuseScore,None,True,True,CC-BY-NC-SA-4.0,True,bartok_op06n12,bartok_op06n12,True,NONE
Béla Bartók,Control,DCMLab/bartok_bagatelles,c6221f6ecb4dbcd476e827f6bf8705bdcb15c8a9,op06n13,MS3/op06n13.mscx,14 Bagatelles: Elle est morte,"Op. 6, Sz.38, BB 50",Elle est morte,MuseScore,None,True,True,CC-BY-NC-SA-4.0,True,bartok_op06n13,bartok_op06n13,True,NONE
Béla Bartók,Control,DCMLab/bartok_bagatelles,c6221f6ecb4dbcd476e827f6bf8705bdcb15c8a9,op06n14,MS3/op06n14.mscx,14 Bagatelles: Valse: ma mie quie danse,"Op. 6, Sz.38, BB 50",Valse: ma mie quie danse,MuseScore,None,True,True,CC-BY-NC-SA-4.0,True,bartok_op06n14,bartok_op06n14,True,NONE
Claude Debussy,Control,DCMLab/debussy_deux_arabesques,acf40ce6ec0da1175c767bfaef4b5fde63f3d7e4,l066-01_arabesques_premiere,MS3/l066-01_arabesques_premiere.mscx,Deux Arabesques: Premiere Arabesque,None,1,MuseScore,None,True,True,CC-BY-NC-SA-4.0,True,debussy_l066-01_arabesques_premiere,debussy_l066-01_arabesques_premiere,True,NONE
Claude Debussy,Control,DCMLab/debussy_deux_arabesques,acf40ce6ec0da1175c767bfaef4b5fde63f3d7e4,l066-02_arabesques_deuxieme,MS3/l066-02_arabesques_deuxieme.mscx,Deux Arabesques: Deuxième Arabesque,None,1,MuseScore,None,True,True,CC-BY-NC-SA-4.0,True,debussy_l066-02_arabesques_deuxieme,debussy_l066-02_arabesques_deuxieme,True,NONE
Claude Debussy,Control,DCMLab/debussy_suite_bergamasque,322ece590e536924308a551a69d9c1520248d3d5,l075-01_suite_prelude,MS3/l075-01_suite_prelude.mscx,Suite Bergamasque: Prelude,None,Prelude,MuseScore,None,True,True,CC-BY-NC-SA-4.0,True,debussy_l075-01_suite_prelude,debussy_l075-01_suite_prelude,True,NONE
Claude Debussy,Control,DCMLab/debussy_suite_bergamasque,322ece590e536924308a551a69d9c1520248d3d5,l075-02_suite_menuet,MS3/l075-02_suite_menuet.mscx,Suite Bergamasque: Menuet,None,Menuet,MuseScore,None,True,True,CC-BY-NC-SA-4.0,True,debussy_l075-02_suite_menuet,debussy_l075-02_suite_menuet,True,NONE
Claude Debussy,Control,DCMLab/debussy_suite_bergamasque,322ece590e536924308a551a69d9c1520248d3d5,l075-03_suite_clair,MS3/l075-03_suite_clair.mscx,Suite Bergamasque: Clair de Lune,None,Clair de Lune,MuseScore,None,True,True,CC-BY-NC-SA-4.0,True,debussy_l075-03_suite_clair,debussy_l075-03_suite_clair,True,NONE
Claude Debussy,Control,DCMLab/debussy_suite_bergamasque,322ece590e536924308a551a69d9c1520248d3d5,l075-04_suite_passepied,MS3/l075-04_suite_passepied.mscx,Suite Bergamasque: Passepied,None,Passepied,MuseScore,None,True,True,CC-BY-NC-SA-4.0,True,debussy_l075-04_suite_passepied,debussy_l075-04_suite_passepied,True,NONE
Claude Debussy,Control,DCMLab/debussy_pour_le_piano,d288cbf3b5480a6b1f83ba279d6253fc5320de9b,l095-01_pour_prelude,MS3/l095-01_pour_prelude.mscx,Suite: Pour le piano,None,1,MuseScore,None,True,True,CC-BY-NC-SA-4.0,True,debussy_l095-01_pour_prelude,debussy_l095-01_pour_prelude,True,NONE
Claude Debussy,Control,DCMLab/debussy_pour_le_piano,d288cbf3b5480a6b1f83ba279d6253fc5320de9b,l095-02_pour_sarabande,MS3/l095-02_pour_sarabande.mscx,Pour le piano: Sarabande,None,1,MuseScore,None,True,True,CC-BY-NC-SA-4.0,True,debussy_l095-02_pour_sarabande,debussy_l095-02_pour_sarabande,True,NONE
Claude Debussy,Control,DCMLab/debussy_pour_le_piano,d288cbf3b5480a6b1f83ba279d6253fc5320de9b,l095-03_pour_toccata,MS3/l095-03_pour_toccata.mscx,Pour le piano,None,1,MuseScore,None,True,True,CC-BY-NC-SA-4.0,True,debussy_l095-03_pour_toccata,debussy_l095-03_pour_toccata,True,NONE
Claude Debussy,Control,DCMLab/debussy_estampes,7fff184fb6a24eaeb9923c69fe5ae058db92f29a,l100-01_estampes_pagode,MS3/l100-01_estampes_pagode.mscx,Estampes: E S T A M P E S,None,1,MuseScore,None,True,True,CC-BY-NC-SA-4.0,True,debussy_l100-01_estampes_pagode,debussy_l100-01_estampes_pagode,True,NONE
Claude Debussy,Control,DCMLab/debussy_estampes,7fff184fb6a24eaeb9923c69fe5ae058db92f29a,l100-02_estampes_soiree,MS3/l100-02_estampes_soiree.mscx,Estampes: La soirée dans Grenade,None,1,MuseScore,None,True,True,CC-BY-NC-SA-4.0,True,debussy_l100-02_estampes_soiree,debussy_l100-02_estampes_soiree,True,NONE
Claude Debussy,Control,DCMLab/debussy_estampes,7fff184fb6a24eaeb9923c69fe5ae058db92f29a,l100-03_estampes_jardins,MS3/l100-03_estampes_jardins.mscx,Estampes: Jardins sous la pluie,None,Jardins sous la pluie,MuseScore,None,True,True,CC-BY-NC-SA-4.0,True,debussy_l100-03_estampes_jardins,debussy_l100-03_estampes_jardins,True,NONE
Claude Debussy,Control,DCMLab/debussy_childrens_corner,f4bf168540a369a360550c9136fe2954cc8402d5,l113-01_childrens_doctor,MS3/l113-01_childrens_doctor.mscx,Children's Corner: Doctor Gradus ad Parnassum,None,1,MuseScore,None,True,True,CC-BY-NC-SA-4.0,True,debussy_l113-01_childrens_doctor,debussy_l113-01_childrens_doctor,True,NONE
Claude Debussy,Control,DCMLab/debussy_childrens_corner,f4bf168540a369a360550c9136fe2954cc8402d5,l113-02_childrens_jimbos,MS3/l113-02_childrens_jimbos.mscx,Children's Corner: Jimbo's Lullaby,None,1,MuseScore,None,True,True,CC-BY-NC-SA-4.0,True,debussy_l113-02_childrens_jimbos,debussy_l113-02_childrens_jimbos,True,NONE
Claude Debussy,Control,DCMLab/debussy_childrens_corner,f4bf168540a369a360550c9136fe2954cc8402d5,l113-03_childrens_serenade,MS3/l113-03_childrens_serenade.mscx,Children's Corner: Serenade for the Doll,None,1,MuseScore,None,True,True,CC-BY-NC-SA-4.0,True,debussy_l113-03_childrens_serenade,debussy_l113-03_childrens_serenade,True,NONE
Claude Debussy,Control,DCMLab/debussy_childrens_corner,f4bf168540a369a360550c9136fe2954cc8402d5,l113-04_childrens_snow,MS3/l113-04_childrens_snow.mscx,Children's Corner: IV. The Snow is Dancing,None,1,MuseScore,None,True,True,CC-BY-NC-SA-4.0,True,debussy_l113-04_childrens_snow,debussy_l113-04_childrens_snow,True,NONE
Claude Debussy,Control,DCMLab/debussy_childrens_corner,f4bf168540a369a360550c9136fe2954cc8402d5,l113-05_childrens_little,MS3/l113-05_childrens_little.mscx,Children's Corner: The Little Shepherd,None,1,MuseScore,None,True,True,CC-BY-NC-SA-4.0,True,debussy_l113-05_childrens_little,debussy_l113-05_childrens_little,True,NONE
Claude Debussy,Control,DCMLab/debussy_childrens_corner,f4bf168540a369a360550c9136fe2954cc8402d5,l113-06_childrens_golliwoggs,MS3/l113-06_childrens_golliwoggs.mscx,Children's Corner: Golliwogg's cakewalk,None,1,MuseScore,None,True,True,CC-BY-NC-SA-4.0,True,debussy_l113-06_childrens_golliwoggs,debussy_l113-06_childrens_golliwoggs,True,NONE
Claude Debussy,Control,DCMLab/debussy_preludes,1d3d5d2fad9bc80029bce10aa8af486efe983b7f,l117-01_preludes_danseuses,MS3/l117-01_preludes_danseuses.mscx,Préludes - Book I - I,None,1,MuseScore,None,True,True,CC-BY-NC-SA-4.0,True,debussy_l117-01_preludes_danseuses,debussy_l117-01_preludes_danseuses,True,NONE
Claude Debussy,Control,DCMLab/debussy_preludes,1d3d5d2fad9bc80029bce10aa8af486efe983b7f,l117-02_preludes_voiles,MS3/l117-02_preludes_voiles.mscx,Préludes: _II.,None,1,MuseScore,None,True,True,CC-BY-NC-SA-4.0,True,debussy_l117-02_preludes_voiles,debussy_l117-02_preludes_voiles,True,NONE
Claude Debussy,Control,DCMLab/debussy_preludes,1d3d5d2fad9bc80029bce10aa8af486efe983b7f,l117-03_preludes_vent,MS3/l117-03_preludes_vent.mscx,Préludes: Le Vent dans la plaine,None,1,MuseScore,None,True,True,CC-BY-NC-SA-4.0,True,debussy_l117-03_preludes_vent,debussy_l117-03_preludes_vent,True,NONE
Claude Debussy,Control,DCMLab/debussy_preludes,1d3d5d2fad9bc80029bce10aa8af486efe983b7f,l117-04_preludes_sons,MS3/l117-04_preludes_sons.mscx,Préludes - Book I - IV,None,1,MuseScore,None,True,True,CC-BY-NC-SA-4.0,True,debussy_l117-04_preludes_sons,debussy_l117-04_preludes_sons,True,NONE
Claude Debussy,Control,DCMLab/debussy_preludes,1d3d5d2fad9bc80029bce10aa8af486efe983b7f,l117-05_preludes_collines,MS3/l117-05_preludes_collines.mscx,Préludes: Les collines d'Anacapri,None,1,MuseScore,None,True,True,CC-BY-NC-SA-4.0,True,debussy_l117-05_preludes_collines,debussy_l117-05_preludes_collines,True,NONE
Claude Debussy,Control,DCMLab/debussy_preludes,1d3d5d2fad9bc80029bce10aa8af486efe983b7f,l117-06_preludes_pas,MS3/l117-06_preludes_pas.mscx,Préludes - Book I - VI,None,1,MuseScore,None,True,True,CC-BY-NC-SA-4.0,True,debussy_l117-06_preludes_pas,debussy_l117-06_preludes_pas,True,NONE
Claude Debussy,Control,DCMLab/debussy_preludes,1d3d5d2fad9bc80029bce10aa8af486efe983b7f,l117-07_preludes_ce,MS3/l117-07_preludes_ce.mscx,Préludes: l117-07_preludes_ce,None,1,MuseScore,None,True,True,CC-BY-NC-SA-4.0,True,debussy_l117-07_preludes_ce,debussy_l117-07_preludes_ce,True,NONE
Claude Debussy,Control,DCMLab/debussy_preludes,1d3d5d2fad9bc80029bce10aa8af486efe983b7f,l117-08_preludes_fille,MS3/l117-08_preludes_fille.mscx,Préludes: (...The girl with the flaxen hair); (...La fille aux cheveux de lin),None,1,MuseScore,None,True,True,CC-BY-NC-SA-4.0,True,debussy_l117-08_preludes_fille,debussy_l117-08_preludes_fille,True,NONE
Claude Debussy,Control,DCMLab/debussy_preludes,1d3d5d2fad9bc80029bce10aa8af486efe983b7f,l117-09_preludes_serenade,MS3/l117-09_preludes_serenade.mscx,Préludes: La Serenade Interrompue,None,1,MuseScore,None,True,True,CC-BY-NC-SA-4.0,True,debussy_l117-09_preludes_serenade,debussy_l117-09_preludes_serenade,True,NONE
Claude Debussy,Control,DCMLab/debussy_preludes,1d3d5d2fad9bc80029bce10aa8af486efe983b7f,l117-10_preludes_cathedrale,MS3/l117-10_preludes_cathedrale.mscx,Préludes: La Cathédrale engloutie,None,1,MuseScore,None,True,True,CC-BY-NC-SA-4.0,True,debussy_l117-10_preludes_cathedrale,debussy_l117-10_preludes_cathedrale,True,NONE
Claude Debussy,Control,DCMLab/debussy_preludes,1d3d5d2fad9bc80029bce10aa8af486efe983b7f,l117-11_preludes_danse,MS3/l117-11_preludes_danse.mscx,Préludes: (...La danse de Puck),None,1,MuseScore,None,True,True,CC-BY-NC-SA-4.0,True,debussy_l117-11_preludes_danse,debussy_l117-11_preludes_danse,True,NONE
Claude Debussy,Control,DCMLab/debussy_preludes,1d3d5d2fad9bc80029bce10aa8af486efe983b7f,l117-12_preludes_minstrels,MS3/l117-12_preludes_minstrels.mscx,Préludes: Prelude,None,1,MuseScore,None,True,True,CC-BY-NC-SA-4.0,True,debussy_l117-12_preludes_minstrels,debussy_l117-12_preludes_minstrels,True,NONE
Claude Debussy,Control,DCMLab/debussy_preludes,1d3d5d2fad9bc80029bce10aa8af486efe983b7f,l123-01_preludes_brouillards,MS3/l123-01_preludes_brouillards.mscx,Préludes: Brouillards,None,1,MuseScore,None,True,True,CC-BY-NC-SA-4.0,True,debussy_l123-01_preludes_brouillards,debussy_l123-01_preludes_brouillards,True,NONE
Claude Debussy,Control,DCMLab/debussy_preludes,1d3d5d2fad9bc80029bce10aa8af486efe983b7f,l123-02_preludes_feuilles,MS3/l123-02_preludes_feuilles.mscx,Préludes: Feuilles mortes,None,1,MuseScore,None,True,True,CC-BY-NC-SA-4.0,True,debussy_l123-02_preludes_feuilles,debussy_l123-02_preludes_feuilles,True,NONE
Claude Debussy,Control,DCMLab/debussy_preludes,1d3d5d2fad9bc80029bce10aa8af486efe983b7f,l123-03_preludes_puerta,MS3/l123-03_preludes_puerta.mscx,Préludes: La puerta del vino,None,1,MuseScore,None,True,True,CC-BY-NC-SA-4.0,True,debussy_l123-03_preludes_puerta,debussy_l123-03_preludes_puerta,True,NONE
Claude Debussy,Control,DCMLab/debussy_preludes,1d3d5d2fad9bc80029bce10aa8af486efe983b7f,l123-04_preludes_fees,MS3/l123-04_preludes_fees.mscx,"Préludes: ""Les fees sont d'exquises danseuses""",None,1,MuseScore,None,True,True,CC-BY-NC-SA-4.0,True,debussy_l123-04_preludes_fees,debussy_l123-04_preludes_fees,True,NONE
Claude Debussy,Control,DCMLab/debussy_preludes,1d3d5d2fad9bc80029bce10aa8af486efe983b7f,l123-05_preludes_bruyeres,MS3/l123-05_preludes_bruyeres.mscx,Préludes: Bruyeres,None,1,MuseScore,None,True,True,CC-BY-NC-SA-4.0,True,debussy_l123-05_preludes_bruyeres,debussy_l123-05_preludes_bruyeres,True,NONE
Claude Debussy,Control,DCMLab/debussy_preludes,1d3d5d2fad9bc80029bce10aa8af486efe983b7f,l123-06_preludes_general,MS3/l123-06_preludes_general.mscx,"Préludes: ""General Lavine"" - excentric",None,1,MuseScore,None,True,True,CC-BY-NC-SA-4.0,True,debussy_l123-06_preludes_general,debussy_l123-06_preludes_general,True,NONE
Claude Debussy,Control,DCMLab/debussy_preludes,1d3d5d2fad9bc80029bce10aa8af486efe983b7f,l123-07_preludes_terrasse,MS3/l123-07_preludes_terrasse.mscx,Préludes: La terrasse des audiences du clair de lune,None,1,MuseScore,None,True,True,CC-BY-NC-SA-4.0,True,debussy_l123-07_preludes_terrasse,debussy_l123-07_preludes_terrasse,True,NONE
Claude Debussy,Control,DCMLab/debussy_preludes,1d3d5d2fad9bc80029bce10aa8af486efe983b7f,l123-08_preludes_ondine,MS3/l123-08_preludes_ondine.mscx,Préludes: Ondine,None,1,MuseScore,None,True,True,CC-BY-NC-SA-4.0,True,debussy_l123-08_preludes_ondine,debussy_l123-08_preludes_ondine,True,NONE
Claude Debussy,Control,DCMLab/debussy_preludes,1d3d5d2fad9bc80029bce10aa8af486efe983b7f,l123-09_preludes_hommage,MS3/l123-09_preludes_hommage.mscx,Préludes: Hommage a S. Pickwick Esq. P. P. M. P. C.,None,1,MuseScore,None,True,True,CC-BY-NC-SA-4.0,True,debussy_l123-09_preludes_hommage,debussy_l123-09_preludes_hommage,True,NONE
Claude Debussy,Control,DCMLab/debussy_preludes,1d3d5d2fad9bc80029bce10aa8af486efe983b7f,l123-10_preludes_canope,MS3/l123-10_preludes_canope.mscx,Préludes: Canope,None,1,MuseScore,None,True,True,CC-BY-NC-SA-4.0,True,debussy_l123-10_preludes_canope,debussy_l123-10_preludes_canope,True,NONE
Claude Debussy,Control,DCMLab/debussy_preludes,1d3d5d2fad9bc80029bce10aa8af486efe983b7f,l123-11_preludes_tierces,MS3/l123-11_preludes_tierces.mscx,Préludes: Les tierces alternees,None,1,MuseScore,None,True,True,CC-BY-NC-SA-4.0,True,debussy_l123-11_preludes_tierces,debussy_l123-11_preludes_tierces,True,NONE
Claude Debussy,Control,DCMLab/debussy_preludes,1d3d5d2fad9bc80029bce10aa8af486efe983b7f,l123-12_preludes_feux,MS3/l123-12_preludes_feux.mscx,Préludes: Feux d'artifice,None,1,MuseScore,None,True,True,CC-BY-NC-SA-4.0,True,debussy_l123-12_preludes_feux,debussy_l123-12_preludes_feux,True,NONE
Claude Debussy,Control,DCMLab/debussy_etudes,02e6b0610351a3687a652eb18195111f2fed57ca,l136-01_etudes_cinq,MS3/l136-01_etudes_cinq.mscx,Études: Étude no.1: pour les cinq doigts,None,1,MuseScore,None,True,True,CC-BY-NC-SA-4.0,True,debussy_l136-01_etudes_cinq,debussy_l136-01_etudes_cinq,True,NONE
Claude Debussy,Control,DCMLab/debussy_etudes,02e6b0610351a3687a652eb18195111f2fed57ca,l136-02_etudes_tierces,MS3/l136-02_etudes_tierces.mscx,Études: Pour les Tierces,None,1,MuseScore,None,True,True,CC-BY-NC-SA-4.0,True,debussy_l136-02_etudes_tierces,debussy_l136-02_etudes_tierces,True,NONE
Claude Debussy,Control,DCMLab/debussy_etudes,02e6b0610351a3687a652eb18195111f2fed57ca,l136-03_etudes_quartes,MS3/l136-03_etudes_quartes.mscx,Études: Pour les Quartes,None,1,MuseScore,None,True,True,CC-BY-NC-SA-4.0,True,debussy_l136-03_etudes_quartes,debussy_l136-03_etudes_quartes,True,NONE
Claude Debussy,Control,DCMLab/debussy_etudes,02e6b0610351a3687a652eb18195111f2fed57ca,l136-04_etudes_sixtes,MS3/l136-04_etudes_sixtes.mscx,Études: Pour les Sixtes,None,1,MuseScore,None,True,True,CC-BY-NC-SA-4.0,True,debussy_l136-04_etudes_sixtes,debussy_l136-04_etudes_sixtes,True,NONE
Claude Debussy,Control,DCMLab/debussy_etudes,02e6b0610351a3687a652eb18195111f2fed57ca,l136-05_etudes_octaves,MS3/l136-05_etudes_octaves.mscx,Études: Pour les Octaves,None,1,MuseScore,None,True,True,CC-BY-NC-SA-4.0,True,debussy_l136-05_etudes_octaves,debussy_l136-05_etudes_octaves,True,NONE
Claude Debussy,Control,DCMLab/debussy_etudes,02e6b0610351a3687a652eb18195111f2fed57ca,l136-06_etudes_huit,MS3/l136-06_etudes_huit.mscx,Études: Pour les huit doigts,None,1,MuseScore,None,True,True,CC-BY-NC-SA-4.0,True,debussy_l136-06_etudes_huit,debussy_l136-06_etudes_huit,True,NONE
Claude Debussy,Control,DCMLab/debussy_etudes,02e6b0610351a3687a652eb18195111f2fed57ca,l136-07_etudes_degres,MS3/l136-07_etudes_degres.mscx,Études: Pour les degrés chromatiques,None,1,MuseScore,None,True,True,CC-BY-NC-SA-4.0,True,debussy_l136-07_etudes_degres,debussy_l136-07_etudes_degres,True,NONE
Claude Debussy,Control,DCMLab/debussy_etudes,02e6b0610351a3687a652eb18195111f2fed57ca,l136-08_etudes_agrements,MS3/l136-08_etudes_agrements.mscx,Études: Pour les agréments,None,1,MuseScore,None,True,True,CC-BY-NC-SA-4.0,True,debussy_l136-08_etudes_agrements,debussy_l136-08_etudes_agrements,True,NONE
Claude Debussy,Control,DCMLab/debussy_etudes,02e6b0610351a3687a652eb18195111f2fed57ca,l136-09_etudes_notes,MS3/l136-09_etudes_notes.mscx,Études: Pour les notes répétées,None,1,MuseScore,None,True,True,CC-BY-NC-SA-4.0,True,debussy_l136-09_etudes_notes,debussy_l136-09_etudes_notes,True,NONE
Claude Debussy,Control,DCMLab/debussy_etudes,02e6b0610351a3687a652eb18195111f2fed57ca,l136-10_etudes_sonorites,MS3/l136-10_etudes_sonorites.mscx,Études: Pour les sonorités opposées,None,1,MuseScore,None,True,True,CC-BY-NC-SA-4.0,True,debussy_l136-10_etudes_sonorites,debussy_l136-10_etudes_sonorites,True,NONE
Claude Debussy,Control,DCMLab/debussy_etudes,02e6b0610351a3687a652eb18195111f2fed57ca,l136-11_etudes_arpeges,MS3/l136-11_etudes_arpeges.mscx,Études: Pour les arpèges composés,None,Pour les arpèges composés,MuseScore,None,True,True,CC-BY-NC-SA-4.0,True,debussy_l136-11_etudes_arpeges,debussy_l136-11_etudes_arpeges,True,NONE
Claude Debussy,Control,DCMLab/debussy_etudes,02e6b0610351a3687a652eb18195111f2fed57ca,l136-12_etudes_accords,MS3/l136-12_etudes_accords.mscx,Études: l136-12_etudes_accords,None,1,MuseScore,None,True,True,CC-BY-NC-SA-4.0,True,debussy_l136-12_etudes_accords,debussy_l136-12_etudes_accords,True,NONE
César Cui,Russian,"Audited open repositories (KernScores, PDMX, PERiScoPe, ATEPP, PianoCoRe)",exhausted_audit_2026,none,none,none,none,none,none,none,False,False,none,False,none,none,False,ZERO_SYMBOLIC_SOLO_PIANO_PIECES_AVAILABLE
Edvard Grieg,Control,DCMLab/grieg_lyric_pieces,91a304563521f3f273b8c0aadec1ce2ede2d1384,op12n01,MS3/op12n01.mscx,Lyric Pieces: Arietta,Op. 12,Arietta,MuseScore,None,True,True,CC-BY-NC-SA-4.0,True,grieg_op12n01,grieg_op12n01,True,NONE
Edvard Grieg,Control,DCMLab/grieg_lyric_pieces,91a304563521f3f273b8c0aadec1ce2ede2d1384,op12n02,MS3/op12n02.mscx,Lyric Pieces: Vals,Op. 12,Vals,MuseScore,None,True,True,CC-BY-NC-SA-4.0,True,grieg_op12n02,grieg_op12n02,True,NONE
Edvard Grieg,Control,DCMLab/grieg_lyric_pieces,91a304563521f3f273b8c0aadec1ce2ede2d1384,op12n03,MS3/op12n03.mscx,Lyric Pieces: Vektersang,Op. 12,Vektersang,MuseScore,None,True,True,CC-BY-NC-SA-4.0,True,grieg_op12n03,grieg_op12n03,True,NONE
Edvard Grieg,Control,DCMLab/grieg_lyric_pieces,91a304563521f3f273b8c0aadec1ce2ede2d1384,op12n04,MS3/op12n04.mscx,Lyric Pieces: Alfedans,Op. 12,Alfedans,MuseScore,None,True,True,CC-BY-NC-SA-4.0,True,grieg_op12n04,grieg_op12n04,True,NONE
Edvard Grieg,Control,DCMLab/grieg_lyric_pieces,91a304563521f3f273b8c0aadec1ce2ede2d1384,op12n05,MS3/op12n05.mscx,Lyric Pieces: Folkevise,Op. 12,Folkevise,MuseScore,None,True,True,CC-BY-NC-SA-4.0,True,grieg_op12n05,grieg_op12n05,True,NONE
Edvard Grieg,Control,DCMLab/grieg_lyric_pieces,91a304563521f3f273b8c0aadec1ce2ede2d1384,op12n06,MS3/op12n06.mscx,Lyric Pieces: Norsk,Op. 12,Norsk,MuseScore,None,True,True,CC-BY-NC-SA-4.0,True,grieg_op12n06,grieg_op12n06,True,NONE
Edvard Grieg,Control,DCMLab/grieg_lyric_pieces,91a304563521f3f273b8c0aadec1ce2ede2d1384,op12n07,MS3/op12n07.mscx,Lyric Pieces: Albumblad,Op. 12,Albumblad,MuseScore,None,True,True,CC-BY-NC-SA-4.0,True,grieg_op12n07,grieg_op12n07,True,NONE
Edvard Grieg,Control,DCMLab/grieg_lyric_pieces,91a304563521f3f273b8c0aadec1ce2ede2d1384,op12n08,MS3/op12n08.mscx,Lyric Pieces: Fedrelandssang,Op. 12,Fedrelandssang,MuseScore,None,True,True,CC-BY-NC-SA-4.0,True,grieg_op12n08,grieg_op12n08,True,NONE
Edvard Grieg,Control,DCMLab/grieg_lyric_pieces,91a304563521f3f273b8c0aadec1ce2ede2d1384,op38n01,MS3/op38n01.mscx,Lyric Pieces: Berceuse,Op. 38,Berceuse,MuseScore,None,True,True,CC-BY-NC-SA-4.0,True,grieg_op38n01,grieg_op38n01,True,NONE
Edvard Grieg,Control,DCMLab/grieg_lyric_pieces,91a304563521f3f273b8c0aadec1ce2ede2d1384,op38n02,MS3/op38n02.mscx,Lyric Pieces: Folkevise,Op. 38,Folkevise,MuseScore,None,True,True,CC-BY-NC-SA-4.0,True,grieg_op38n02,grieg_op38n02,True,NONE
Edvard Grieg,Control,DCMLab/grieg_lyric_pieces,91a304563521f3f273b8c0aadec1ce2ede2d1384,op38n03,MS3/op38n03.mscx,Lyric Pieces: Melodi,Op. 38,Melodi,MuseScore,None,True,True,CC-BY-NC-SA-4.0,True,grieg_op38n03,grieg_op38n03,True,NONE
Edvard Grieg,Control,DCMLab/grieg_lyric_pieces,91a304563521f3f273b8c0aadec1ce2ede2d1384,op38n04,MS3/op38n04.mscx,Lyric Pieces: Halling,Op. 38,Halling,MuseScore,None,True,True,CC-BY-NC-SA-4.0,True,grieg_op38n04,grieg_op38n04,True,NONE
Edvard Grieg,Control,DCMLab/grieg_lyric_pieces,91a304563521f3f273b8c0aadec1ce2ede2d1384,op38n05,MS3/op38n05.mscx,Lyric Pieces: Springdans,Op. 38,Springdans,MuseScore,None,True,True,CC-BY-NC-SA-4.0,True,grieg_op38n05,grieg_op38n05,True,NONE
Edvard Grieg,Control,DCMLab/grieg_lyric_pieces,91a304563521f3f273b8c0aadec1ce2ede2d1384,op38n06,MS3/op38n06.mscx,Lyric Pieces: Elegi,Op. 38,Elegi,MuseScore,None,True,True,CC-BY-NC-SA-4.0,True,grieg_op38n06,grieg_op38n06,True,NONE
Edvard Grieg,Control,DCMLab/grieg_lyric_pieces,91a304563521f3f273b8c0aadec1ce2ede2d1384,op38n07,MS3/op38n07.mscx,Lyric Pieces: Vals,Op. 38,Vals,MuseScore,None,True,True,CC-BY-NC-SA-4.0,True,grieg_op38n07,grieg_op38n07,True,NONE
Edvard Grieg,Control,DCMLab/grieg_lyric_pieces,91a304563521f3f273b8c0aadec1ce2ede2d1384,op38n08,MS3/op38n08.mscx,Lyric Pieces: Kanon,Op. 38,Kanon,MuseScore,None,True,True,CC-BY-NC-SA-4.0,True,grieg_op38n08,grieg_op38n08,True,NONE
Edvard Grieg,Control,DCMLab/grieg_lyric_pieces,91a304563521f3f273b8c0aadec1ce2ede2d1384,op43n01,MS3/op43n01.mscx,Lyric Pieces: Sommerfugl,Op. 43,Sommerfugl,MuseScore,None,True,True,CC-BY-NC-SA-4.0,True,grieg_op43n01,grieg_op43n01,True,NONE
Edvard Grieg,Control,DCMLab/grieg_lyric_pieces,91a304563521f3f273b8c0aadec1ce2ede2d1384,op43n02,MS3/op43n02.mscx,Lyric Pieces: Ensom vandrer,Op. 43,Ensom vandrer,MuseScore,None,True,True,CC-BY-NC-SA-4.0,True,grieg_op43n02,grieg_op43n02,True,NONE
Edvard Grieg,Control,DCMLab/grieg_lyric_pieces,91a304563521f3f273b8c0aadec1ce2ede2d1384,op43n03,MS3/op43n03.mscx,Lyric Pieces: I hjemmet,Op. 43,I hjemmet,MuseScore,None,True,True,CC-BY-NC-SA-4.0,True,grieg_op43n03,grieg_op43n03,True,NONE
Edvard Grieg,Control,DCMLab/grieg_lyric_pieces,91a304563521f3f273b8c0aadec1ce2ede2d1384,op43n04,MS3/op43n04.mscx,Lyric Pieces: Liten fugl,Op. 43,Liten fugl,MuseScore,None,True,True,CC-BY-NC-SA-4.0,True,grieg_op43n04,grieg_op43n04,True,NONE
Edvard Grieg,Control,DCMLab/grieg_lyric_pieces,91a304563521f3f273b8c0aadec1ce2ede2d1384,op43n05,MS3/op43n05.mscx,Lyric Pieces: Erotikk,Op. 43,Erotikk,MuseScore,None,True,True,CC-BY-NC-SA-4.0,True,grieg_op43n05,grieg_op43n05,True,NONE
Edvard Grieg,Control,DCMLab/grieg_lyric_pieces,91a304563521f3f273b8c0aadec1ce2ede2d1384,op43n06,MS3/op43n06.mscx,Lyric Pieces: Til varen,Op. 43,Til varen,MuseScore,None,True,True,CC-BY-NC-SA-4.0,True,grieg_op43n06,grieg_op43n06,True,NONE
Edvard Grieg,Control,DCMLab/grieg_lyric_pieces,91a304563521f3f273b8c0aadec1ce2ede2d1384,op47n01,MS3/op47n01.mscx,Lyric Pieces: Valse-Impromptu,Op. 47,Valse-Impromptu,MuseScore,None,True,True,CC-BY-NC-SA-4.0,True,grieg_op47n01,grieg_op47n01,True,NONE
Edvard Grieg,Control,DCMLab/grieg_lyric_pieces,91a304563521f3f273b8c0aadec1ce2ede2d1384,op47n02,MS3/op47n02.mscx,Lyric Pieces: Albumblad,Op. 47,Albumblad,MuseScore,None,True,True,CC-BY-NC-SA-4.0,True,grieg_op47n02,grieg_op47n02,True,NONE
Edvard Grieg,Control,DCMLab/grieg_lyric_pieces,91a304563521f3f273b8c0aadec1ce2ede2d1384,op47n03,MS3/op47n03.mscx,Lyric Pieces: Melodi,Op. 47,Melodi,MuseScore,None,True,True,CC-BY-NC-SA-4.0,True,grieg_op47n03,grieg_op47n03,True,NONE
Edvard Grieg,Control,DCMLab/grieg_lyric_pieces,91a304563521f3f273b8c0aadec1ce2ede2d1384,op47n04,MS3/op47n04.mscx,Lyric Pieces: Halling,Op. 47,Halling,MuseScore,None,True,True,CC-BY-NC-SA-4.0,True,grieg_op47n04,grieg_op47n04,True,NONE
Edvard Grieg,Control,DCMLab/grieg_lyric_pieces,91a304563521f3f273b8c0aadec1ce2ede2d1384,op47n05,MS3/op47n05.mscx,Lyric Pieces: Melankoli,Op. 47,Melankoli,MuseScore,None,True,True,CC-BY-NC-SA-4.0,True,grieg_op47n05,grieg_op47n05,True,NONE
Edvard Grieg,Control,DCMLab/grieg_lyric_pieces,91a304563521f3f273b8c0aadec1ce2ede2d1384,op47n06,MS3/op47n06.mscx,Lyric Pieces: Springtanz,Op. 47,Springtanz,MuseScore,None,True,True,CC-BY-NC-SA-4.0,True,grieg_op47n06,grieg_op47n06,True,NONE
Edvard Grieg,Control,DCMLab/grieg_lyric_pieces,91a304563521f3f273b8c0aadec1ce2ede2d1384,op47n07,MS3/op47n07.mscx,Lyric Pieces: Elegi,Op. 47,Elegi,MuseScore,None,True,True,CC-BY-NC-SA-4.0,True,grieg_op47n07,grieg_op47n07,True,NONE
Edvard Grieg,Control,DCMLab/grieg_lyric_pieces,91a304563521f3f273b8c0aadec1ce2ede2d1384,op54n01,MS3/op54n01.mscx,Lyric Pieces: Gjetergutt,Op. 54,Gjetergutt,MuseScore,None,True,True,CC-BY-NC-SA-4.0,True,grieg_op54n01,grieg_op54n01,True,NONE
Edvard Grieg,Control,DCMLab/grieg_lyric_pieces,91a304563521f3f273b8c0aadec1ce2ede2d1384,op54n02,MS3/op54n02.mscx,Lyric Pieces: Gangar,Op. 54,Gangar,MuseScore,None,True,True,CC-BY-NC-SA-4.0,True,grieg_op54n02,grieg_op54n02,True,NONE
Edvard Grieg,Control,DCMLab/grieg_lyric_pieces,91a304563521f3f273b8c0aadec1ce2ede2d1384,op54n03,MS3/op54n03.mscx,Lyric Pieces: Trolltog,Op. 54,Trolltog,MuseScore,None,True,True,CC-BY-NC-SA-4.0,True,grieg_op54n03,grieg_op54n03,True,NONE
Edvard Grieg,Control,DCMLab/grieg_lyric_pieces,91a304563521f3f273b8c0aadec1ce2ede2d1384,op54n04,MS3/op54n04.mscx,Lyric Pieces: Notturno,Op. 54,Notturno,MuseScore,None,True,True,CC-BY-NC-SA-4.0,True,grieg_op54n04,grieg_op54n04,True,NONE
Edvard Grieg,Control,DCMLab/grieg_lyric_pieces,91a304563521f3f273b8c0aadec1ce2ede2d1384,op54n05,MS3/op54n05.mscx,Lyric Pieces: Scherzo,Op. 54,Scherzo,MuseScore,None,True,True,CC-BY-NC-SA-4.0,True,grieg_op54n05,grieg_op54n05,True,NONE
Edvard Grieg,Control,DCMLab/grieg_lyric_pieces,91a304563521f3f273b8c0aadec1ce2ede2d1384,op54n06,MS3/op54n06.mscx,Lyric Pieces: Klokkeklang,Op. 54,Klokkeklang,MuseScore,None,True,True,CC-BY-NC-SA-4.0,True,grieg_op54n06,grieg_op54n06,True,NONE
Edvard Grieg,Control,DCMLab/grieg_lyric_pieces,91a304563521f3f273b8c0aadec1ce2ede2d1384,op57n01,MS3/op57n01.mscx,Lyric Pieces: Svundne dager,Op. 57,Svundne dager,MuseScore,None,True,True,CC-BY-NC-SA-4.0,True,grieg_op57n01,grieg_op57n01,True,NONE
Edvard Grieg,Control,DCMLab/grieg_lyric_pieces,91a304563521f3f273b8c0aadec1ce2ede2d1384,op57n02,MS3/op57n02.mscx,Lyric Pieces: Gade,Op. 57,Gade,MuseScore,None,True,True,CC-BY-NC-SA-4.0,True,grieg_op57n02,grieg_op57n02,True,NONE
Edvard Grieg,Control,DCMLab/grieg_lyric_pieces,91a304563521f3f273b8c0aadec1ce2ede2d1384,op57n03,MS3/op57n03.mscx,Lyric Pieces: Illusjon,Op. 57,Illusjon,MuseScore,None,True,True,CC-BY-NC-SA-4.0,True,grieg_op57n03,grieg_op57n03,True,NONE
Edvard Grieg,Control,DCMLab/grieg_lyric_pieces,91a304563521f3f273b8c0aadec1ce2ede2d1384,op57n04,MS3/op57n04.mscx,Lyric Pieces: Geheimniss,Op. 57,Geheimniss,MuseScore,None,True,True,CC-BY-NC-SA-4.0,True,grieg_op57n04,grieg_op57n04,True,NONE
Edvard Grieg,Control,DCMLab/grieg_lyric_pieces,91a304563521f3f273b8c0aadec1ce2ede2d1384,op57n05,MS3/op57n05.mscx,Lyric Pieces: Sie tanzt,Op. 57,Sie tanzt,MuseScore,None,True,True,CC-BY-NC-SA-4.0,True,grieg_op57n05,grieg_op57n05,True,NONE
Edvard Grieg,Control,DCMLab/grieg_lyric_pieces,91a304563521f3f273b8c0aadec1ce2ede2d1384,op57n06,MS3/op57n06.mscx,Lyric Pieces: Heimweh,Op. 57,Heimweh,MuseScore,None,True,True,CC-BY-NC-SA-4.0,True,grieg_op57n06,grieg_op57n06,True,NONE
Edvard Grieg,Control,DCMLab/grieg_lyric_pieces,91a304563521f3f273b8c0aadec1ce2ede2d1384,op62n01,MS3/op62n01.mscx,Lyric Pieces: Sylfide,Op. 62,Sylfide,MuseScore,None,True,True,CC-BY-NC-SA-4.0,True,grieg_op62n01,grieg_op62n01,True,NONE
Edvard Grieg,Control,DCMLab/grieg_lyric_pieces,91a304563521f3f273b8c0aadec1ce2ede2d1384,op62n02,MS3/op62n02.mscx,Lyric Pieces: Takk,Op. 62,Takk,MuseScore,None,True,True,CC-BY-NC-SA-4.0,True,grieg_op62n02,grieg_op62n02,True,NONE
Edvard Grieg,Control,DCMLab/grieg_lyric_pieces,91a304563521f3f273b8c0aadec1ce2ede2d1384,op62n03,MS3/op62n03.mscx,Lyric Pieces: Fransk serenade,Op. 62,Fransk serenade,MuseScore,None,True,True,CC-BY-NC-SA-4.0,True,grieg_op62n03,grieg_op62n03,True,NONE
Edvard Grieg,Control,DCMLab/grieg_lyric_pieces,91a304563521f3f273b8c0aadec1ce2ede2d1384,op62n04,MS3/op62n04.mscx,Lyric Pieces: Bekken,Op. 62,Bekken,MuseScore,None,True,True,CC-BY-NC-SA-4.0,True,grieg_op62n04,grieg_op62n04,True,NONE
Edvard Grieg,Control,DCMLab/grieg_lyric_pieces,91a304563521f3f273b8c0aadec1ce2ede2d1384,op62n05,MS3/op62n05.mscx,Lyric Pieces: Drommesyn,Op. 62,Drommesyn,MuseScore,None,True,True,CC-BY-NC-SA-4.0,True,grieg_op62n05,grieg_op62n05,True,NONE
Edvard Grieg,Control,DCMLab/grieg_lyric_pieces,91a304563521f3f273b8c0aadec1ce2ede2d1384,op62n06,MS3/op62n06.mscx,Lyric Pieces: Hjemad,Op. 62,Hjemad,MuseScore,None,True,True,CC-BY-NC-SA-4.0,True,grieg_op62n06,grieg_op62n06,True,NONE
Edvard Grieg,Control,DCMLab/grieg_lyric_pieces,91a304563521f3f273b8c0aadec1ce2ede2d1384,op65n01,MS3/op65n01.mscx,Lyric Pieces: Fra ungdomsdagene,Op. 65,Fra ungdomsdagene,MuseScore,None,True,True,CC-BY-NC-SA-4.0,True,grieg_op65n01,grieg_op65n01,True,NONE
Edvard Grieg,Control,DCMLab/grieg_lyric_pieces,91a304563521f3f273b8c0aadec1ce2ede2d1384,op65n02,MS3/op65n02.mscx,Lyric Pieces: Bondens sang,Op. 65,Bondens sang,MuseScore,None,True,True,CC-BY-NC-SA-4.0,True,grieg_op65n02,grieg_op65n02,True,NONE
Edvard Grieg,Control,DCMLab/grieg_lyric_pieces,91a304563521f3f273b8c0aadec1ce2ede2d1384,op65n03,MS3/op65n03.mscx,Lyric Pieces: Tungsinn,Op. 65,Tungsinn,MuseScore,None,True,True,CC-BY-NC-SA-4.0,True,grieg_op65n03,grieg_op65n03,True,NONE
Edvard Grieg,Control,DCMLab/grieg_lyric_pieces,91a304563521f3f273b8c0aadec1ce2ede2d1384,op65n04,MS3/op65n04.mscx,Lyric Pieces: Salong,Op. 65,Salong,MuseScore,None,True,True,CC-BY-NC-SA-4.0,True,grieg_op65n04,grieg_op65n04,True,NONE
Edvard Grieg,Control,DCMLab/grieg_lyric_pieces,91a304563521f3f273b8c0aadec1ce2ede2d1384,op65n05,MS3/op65n05.mscx,Lyric Pieces: I balladetone,Op. 65,I balladetone,MuseScore,None,True,True,CC-BY-NC-SA-4.0,True,grieg_op65n05,grieg_op65n05,True,NONE
Edvard Grieg,Control,DCMLab/grieg_lyric_pieces,91a304563521f3f273b8c0aadec1ce2ede2d1384,op65n06,MS3/op65n06.mscx,Lyric Pieces: Bryllupsdag pa Troldhaugen,Op. 65,Bryllupsdag pa Troldhaugen,MuseScore,None,True,True,CC-BY-NC-SA-4.0,True,grieg_op65n06,grieg_op65n06,True,NONE
Edvard Grieg,Control,DCMLab/grieg_lyric_pieces,91a304563521f3f273b8c0aadec1ce2ede2d1384,op68n01,MS3/op68n01.mscx,Lyric Pieces: Matrosenes oppsang,Op. 68,Matrosenes oppsang,MuseScore,None,True,True,CC-BY-NC-SA-4.0,True,grieg_op68n01,grieg_op68n01,True,NONE
Edvard Grieg,Control,DCMLab/grieg_lyric_pieces,91a304563521f3f273b8c0aadec1ce2ede2d1384,op68n02,MS3/op68n02.mscx,Lyric Pieces: Bestemors menuet,Op. 68,Bestemors menuet,MuseScore,None,True,True,CC-BY-NC-SA-4.0,True,grieg_op68n02,grieg_op68n02,True,NONE
Edvard Grieg,Control,DCMLab/grieg_lyric_pieces,91a304563521f3f273b8c0aadec1ce2ede2d1384,op68n03,MS3/op68n03.mscx,Lyric Pieces: For dine fotter,Op. 68,For dine fotter,MuseScore,None,True,True,CC-BY-NC-SA-4.0,True,grieg_op68n03,grieg_op68n03,True,NONE
Edvard Grieg,Control,DCMLab/grieg_lyric_pieces,91a304563521f3f273b8c0aadec1ce2ede2d1384,op68n04,MS3/op68n04.mscx,Lyric Pieces: Aften pa hojfjellet,Op. 68,Aften pa hojfjellet,MuseScore,None,True,True,CC-BY-NC-SA-4.0,True,grieg_op68n04,grieg_op68n04,True,NONE
Edvard Grieg,Control,DCMLab/grieg_lyric_pieces,91a304563521f3f273b8c0aadec1ce2ede2d1384,op68n05,MS3/op68n05.mscx,Lyric Pieces: Badnlat,Op. 68,Badnlat,MuseScore,None,True,True,CC-BY-NC-SA-4.0,True,grieg_op68n05,grieg_op68n05,True,NONE
Edvard Grieg,Control,DCMLab/grieg_lyric_pieces,91a304563521f3f273b8c0aadec1ce2ede2d1384,op68n06,MS3/op68n06.mscx,Lyric Pieces: Valse melancolique,Op. 68,Valse melancolique,MuseScore,None,True,True,CC-BY-NC-SA-4.0,True,grieg_op68n06,grieg_op68n06,True,NONE
Edvard Grieg,Control,DCMLab/grieg_lyric_pieces,91a304563521f3f273b8c0aadec1ce2ede2d1384,op71n01,MS3/op71n01.mscx,Lyric Pieces: Det var engang,Op. 71,Det var engang,MuseScore,None,True,True,CC-BY-NC-SA-4.0,True,grieg_op71n01,grieg_op71n01,True,NONE
Edvard Grieg,Control,DCMLab/grieg_lyric_pieces,91a304563521f3f273b8c0aadec1ce2ede2d1384,op71n02,MS3/op71n02.mscx,Lyric Pieces: Sommeraften,Op. 71,Sommeraften,MuseScore,None,True,True,CC-BY-NC-SA-4.0,True,grieg_op71n02,grieg_op71n02,True,NONE
Edvard Grieg,Control,DCMLab/grieg_lyric_pieces,91a304563521f3f273b8c0aadec1ce2ede2d1384,op71n03,MS3/op71n03.mscx,Lyric Pieces: Smatroll,Op. 71,Smatroll,MuseScore,None,True,True,CC-BY-NC-SA-4.0,True,grieg_op71n03,grieg_op71n03,True,NONE
Edvard Grieg,Control,DCMLab/grieg_lyric_pieces,91a304563521f3f273b8c0aadec1ce2ede2d1384,op71n04,MS3/op71n04.mscx,Lyric Pieces: Skogstillhet,Op. 71,Skogstillhet,MuseScore,None,True,True,CC-BY-NC-SA-4.0,True,grieg_op71n04,grieg_op71n04,True,NONE
Edvard Grieg,Control,DCMLab/grieg_lyric_pieces,91a304563521f3f273b8c0aadec1ce2ede2d1384,op71n05,MS3/op71n05.mscx,Lyric Pieces: Halling,Op. 71,Halling,MuseScore,None,True,True,CC-BY-NC-SA-4.0,True,grieg_op71n05,grieg_op71n05,True,NONE
Edvard Grieg,Control,DCMLab/grieg_lyric_pieces,91a304563521f3f273b8c0aadec1ce2ede2d1384,op71n06,MS3/op71n06.mscx,Lyric Pieces: Forbi,Op. 71,Forbi,MuseScore,None,True,True,CC-BY-NC-SA-4.0,True,grieg_op71n06,grieg_op71n06,True,NONE
Edvard Grieg,Control,DCMLab/grieg_lyric_pieces,91a304563521f3f273b8c0aadec1ce2ede2d1384,op71n07,MS3/op71n07.mscx,Lyric Pieces: Efterklang,Op. 71,Efterklang,MuseScore,None,True,True,CC-BY-NC-SA-4.0,True,grieg_op71n07,grieg_op71n07,True,NONE
Ludwig van Beethoven,Control,DCMLab/beethoven_piano_sonatas,ea7181bff88abc8713257234f7ec4033178c57a9,01-1,MS3/01-1.mscx,Sonata no. 1 in op.2/1: 1. Allegro,op.2/1,1,MuseScore,None,True,True,CC-BY-NC-SA-4.0,True,beethoven_sonata_01_mvmt_1,beethoven_sonata_01_mvmt_1,True,NONE
Ludwig van Beethoven,Control,DCMLab/beethoven_piano_sonatas,ea7181bff88abc8713257234f7ec4033178c57a9,01-2,MS3/01-2.mscx,Sonata no. 1 in op.2/1: 2. Adagio,op.2/1,2,MuseScore,None,True,True,CC-BY-NC-SA-4.0,True,beethoven_sonata_01_mvmt_2,beethoven_sonata_01_mvmt_2,True,NONE
Ludwig van Beethoven,Control,DCMLab/beethoven_piano_sonatas,ea7181bff88abc8713257234f7ec4033178c57a9,01-3,MS3/01-3.mscx,Sonata no. 1 in op.2/1: 3. Menuetto and Trio: Allegretto,op.2/1,3,MuseScore,None,True,True,CC-BY-NC-SA-4.0,True,beethoven_sonata_01_mvmt_3,beethoven_sonata_01_mvmt_3,True,NONE
Ludwig van Beethoven,Control,DCMLab/beethoven_piano_sonatas,ea7181bff88abc8713257234f7ec4033178c57a9,01-4,MS3/01-4.mscx,Sonata no. 1 in op.2/1: 4. Prestissimo,op.2/1,4,MuseScore,None,True,True,CC-BY-NC-SA-4.0,True,beethoven_sonata_01_mvmt_4,beethoven_sonata_01_mvmt_4,True,NONE
Ludwig van Beethoven,Control,DCMLab/beethoven_piano_sonatas,ea7181bff88abc8713257234f7ec4033178c57a9,02-1,MS3/02-1.mscx,Sonata no. 2 in op.2/2: 1. Allegro vivace,op.2/2,1,MuseScore,None,True,True,CC-BY-NC-SA-4.0,True,beethoven_sonata_02_mvmt_1,beethoven_sonata_02_mvmt_1,True,NONE
Ludwig van Beethoven,Control,DCMLab/beethoven_piano_sonatas,ea7181bff88abc8713257234f7ec4033178c57a9,02-2,MS3/02-2.mscx,Sonata no. 2 in op.2/2: 2. Largo appassionato,op.2/2,2,MuseScore,None,True,True,CC-BY-NC-SA-4.0,True,beethoven_sonata_02_mvmt_2,beethoven_sonata_02_mvmt_2,True,NONE
Ludwig van Beethoven,Control,DCMLab/beethoven_piano_sonatas,ea7181bff88abc8713257234f7ec4033178c57a9,02-3,MS3/02-3.mscx,Sonata no. 2 in op.2/2: 3. Scherzo: Allegretto,op.2/2,3,MuseScore,None,True,True,CC-BY-NC-SA-4.0,True,beethoven_sonata_02_mvmt_3,beethoven_sonata_02_mvmt_3,True,NONE
Ludwig van Beethoven,Control,DCMLab/beethoven_piano_sonatas,ea7181bff88abc8713257234f7ec4033178c57a9,02-4,MS3/02-4.mscx,Sonata no. 2 in op.2/2: 4. Rondo: Grazioso,op.2/2,4,MuseScore,None,True,True,CC-BY-NC-SA-4.0,True,beethoven_sonata_02_mvmt_4,beethoven_sonata_02_mvmt_4,True,NONE
Ludwig van Beethoven,Control,DCMLab/beethoven_piano_sonatas,ea7181bff88abc8713257234f7ec4033178c57a9,03-1,MS3/03-1.mscx,Sonata no. 3 in op.2/3: 1. Allegro con brio,op.2/3,1,MuseScore,None,True,True,CC-BY-NC-SA-4.0,True,beethoven_sonata_03_mvmt_1,beethoven_sonata_03_mvmt_1,True,NONE
Ludwig van Beethoven,Control,DCMLab/beethoven_piano_sonatas,ea7181bff88abc8713257234f7ec4033178c57a9,03-2,MS3/03-2.mscx,Sonata no. 3 in op.2/3: 2. Adagio,op.2/3,2,MuseScore,None,True,True,CC-BY-NC-SA-4.0,True,beethoven_sonata_03_mvmt_2,beethoven_sonata_03_mvmt_2,True,NONE
Ludwig van Beethoven,Control,DCMLab/beethoven_piano_sonatas,ea7181bff88abc8713257234f7ec4033178c57a9,03-3,MS3/03-3.mscx,Sonata no. 3 in op.2/3: 3. Scherzo: Allegro,op.2/3,3,MuseScore,None,True,True,CC-BY-NC-SA-4.0,True,beethoven_sonata_03_mvmt_3,beethoven_sonata_03_mvmt_3,True,NONE
Ludwig van Beethoven,Control,DCMLab/beethoven_piano_sonatas,ea7181bff88abc8713257234f7ec4033178c57a9,03-4,MS3/03-4.mscx,Sonata no. 3 in op.2/3: 4. Allegro assai,op.2/3,4,MuseScore,None,True,True,CC-BY-NC-SA-4.0,True,beethoven_sonata_03_mvmt_4,beethoven_sonata_03_mvmt_4,True,NONE
Ludwig van Beethoven,Control,DCMLab/beethoven_piano_sonatas,ea7181bff88abc8713257234f7ec4033178c57a9,04-1,MS3/04-1.mscx,Sonata no. 4 in op.7: 1. Allegro molto e con brio,op.7,1,MuseScore,None,True,True,CC-BY-NC-SA-4.0,True,beethoven_sonata_04_mvmt_1,beethoven_sonata_04_mvmt_1,True,NONE
Ludwig van Beethoven,Control,DCMLab/beethoven_piano_sonatas,ea7181bff88abc8713257234f7ec4033178c57a9,04-2,MS3/04-2.mscx,Sonata no. 4 in op.7: 2. Largo con gran espressione,op.7,2,MuseScore,None,True,True,CC-BY-NC-SA-4.0,True,beethoven_sonata_04_mvmt_2,beethoven_sonata_04_mvmt_2,True,NONE
Ludwig van Beethoven,Control,DCMLab/beethoven_piano_sonatas,ea7181bff88abc8713257234f7ec4033178c57a9,04-3,MS3/04-3.mscx,"Sonata no. 4 in op.7: 3. Allegro ""Trio""",op.7,3,MuseScore,None,True,True,CC-BY-NC-SA-4.0,True,beethoven_sonata_04_mvmt_3,beethoven_sonata_04_mvmt_3,True,NONE
Ludwig van Beethoven,Control,DCMLab/beethoven_piano_sonatas,ea7181bff88abc8713257234f7ec4033178c57a9,04-4,MS3/04-4.mscx,Sonata no. 4 in op.7: 4. Rondo: Poco allegretto e grazioso,op.7,4,MuseScore,None,True,True,CC-BY-NC-SA-4.0,True,beethoven_sonata_04_mvmt_4,beethoven_sonata_04_mvmt_4,True,NONE
Ludwig van Beethoven,Control,DCMLab/beethoven_piano_sonatas,ea7181bff88abc8713257234f7ec4033178c57a9,05-1,MS3/05-1.mscx,Sonata no. 5 in op.10/1: 1. Allegro molto e con brio,op.10/1,1,MuseScore,None,True,True,CC-BY-NC-SA-4.0,True,beethoven_sonata_05_mvmt_1,beethoven_sonata_05_mvmt_1,True,NONE
Ludwig van Beethoven,Control,DCMLab/beethoven_piano_sonatas,ea7181bff88abc8713257234f7ec4033178c57a9,05-2,MS3/05-2.mscx,Sonata no. 5 in op.10/1: 2. Adagio molto,op.10/1,2,MuseScore,None,True,True,CC-BY-NC-SA-4.0,True,beethoven_sonata_05_mvmt_2,beethoven_sonata_05_mvmt_2,True,NONE
Ludwig van Beethoven,Control,DCMLab/beethoven_piano_sonatas,ea7181bff88abc8713257234f7ec4033178c57a9,05-3,MS3/05-3.mscx,Sonata no. 5 in op.10/1: 3. Finale: Prestissimo,op.10/1,3,MuseScore,None,True,True,CC-BY-NC-SA-4.0,True,beethoven_sonata_05_mvmt_3,beethoven_sonata_05_mvmt_3,True,NONE
Ludwig van Beethoven,Control,DCMLab/beethoven_piano_sonatas,ea7181bff88abc8713257234f7ec4033178c57a9,06-1,MS3/06-1.mscx,Sonata no. 6 in op.10/2: 1. Allegro,op.10/2,1,MuseScore,None,True,True,CC-BY-NC-SA-4.0,True,beethoven_sonata_06_mvmt_1,beethoven_sonata_06_mvmt_1,True,NONE
Ludwig van Beethoven,Control,DCMLab/beethoven_piano_sonatas,ea7181bff88abc8713257234f7ec4033178c57a9,06-2,MS3/06-2.mscx,Sonata no. 6 in op.10/2: 2. Menuetto: Allegretto,op.10/2,2,MuseScore,None,True,True,CC-BY-NC-SA-4.0,True,beethoven_sonata_06_mvmt_2,beethoven_sonata_06_mvmt_2,True,NONE
Ludwig van Beethoven,Control,DCMLab/beethoven_piano_sonatas,ea7181bff88abc8713257234f7ec4033178c57a9,06-3,MS3/06-3.mscx,Sonata no. 6 in op.10/2: 3. Presto,op.10/2,3,MuseScore,None,True,True,CC-BY-NC-SA-4.0,True,beethoven_sonata_06_mvmt_3,beethoven_sonata_06_mvmt_3,True,NONE
Ludwig van Beethoven,Control,DCMLab/beethoven_piano_sonatas,ea7181bff88abc8713257234f7ec4033178c57a9,07-1,MS3/07-1.mscx,Sonata no. 7 in op.10/3: 1. Presto,op.10/3,1,MuseScore,None,True,True,CC-BY-NC-SA-4.0,True,beethoven_sonata_07_mvmt_1,beethoven_sonata_07_mvmt_1,True,NONE
Ludwig van Beethoven,Control,DCMLab/beethoven_piano_sonatas,ea7181bff88abc8713257234f7ec4033178c57a9,07-2,MS3/07-2.mscx,Sonata no. 7 in op.10/3: 2. Largo e mesto,op.10/3,2,MuseScore,None,True,True,CC-BY-NC-SA-4.0,True,beethoven_sonata_07_mvmt_2,beethoven_sonata_07_mvmt_2,True,NONE
Ludwig van Beethoven,Control,DCMLab/beethoven_piano_sonatas,ea7181bff88abc8713257234f7ec4033178c57a9,07-3,MS3/07-3.mscx,Sonata no. 7 in op.10/3: 3. Menuetto: Allegro,op.10/3,3,MuseScore,None,True,True,CC-BY-NC-SA-4.0,True,beethoven_sonata_07_mvmt_3,beethoven_sonata_07_mvmt_3,True,NONE
Ludwig van Beethoven,Control,DCMLab/beethoven_piano_sonatas,ea7181bff88abc8713257234f7ec4033178c57a9,07-4,MS3/07-4.mscx,Sonata no. 7 in op.10/3: 4. Rondo,op.10/3,4,MuseScore,None,True,True,CC-BY-NC-SA-4.0,True,beethoven_sonata_07_mvmt_4,beethoven_sonata_07_mvmt_4,True,NONE
Ludwig van Beethoven,Control,DCMLab/beethoven_piano_sonatas,ea7181bff88abc8713257234f7ec4033178c57a9,08-1,MS3/08-1.mscx,Sonata no. 8 'Pathetique' in op.13: 1. Grave: Allegro di molto e con brio,op.13,1,MuseScore,None,True,True,CC-BY-NC-SA-4.0,True,beethoven_sonata_08_mvmt_1,beethoven_sonata_08_mvmt_1,True,NONE
Ludwig van Beethoven,Control,DCMLab/beethoven_piano_sonatas,ea7181bff88abc8713257234f7ec4033178c57a9,08-2,MS3/08-2.mscx,Sonata no. 8 'Pathetique' in op.13: 2. Adagio cantabile,op.13,2,MuseScore,None,True,True,CC-BY-NC-SA-4.0,True,beethoven_sonata_08_mvmt_2,beethoven_sonata_08_mvmt_2,True,NONE
Ludwig van Beethoven,Control,DCMLab/beethoven_piano_sonatas,ea7181bff88abc8713257234f7ec4033178c57a9,08-3,MS3/08-3.mscx,Sonata no. 8 'Pathetique' in op.13: 3. Rondo: Allegro,op.13,3,MuseScore,None,True,True,CC-BY-NC-SA-4.0,True,beethoven_sonata_08_mvmt_3,beethoven_sonata_08_mvmt_3,True,NONE
Ludwig van Beethoven,Control,DCMLab/beethoven_piano_sonatas,ea7181bff88abc8713257234f7ec4033178c57a9,09-1,MS3/09-1.mscx,Sonata no. 9 in op.14/1: 1. Allegro,op.14/1,1,MuseScore,None,True,True,CC-BY-NC-SA-4.0,True,beethoven_sonata_09_mvmt_1,beethoven_sonata_09_mvmt_1,True,NONE
Ludwig van Beethoven,Control,DCMLab/beethoven_piano_sonatas,ea7181bff88abc8713257234f7ec4033178c57a9,09-2,MS3/09-2.mscx,Sonata no. 9 in op.14/1: 2. Allegretto,op.14/1,2,MuseScore,None,True,True,CC-BY-NC-SA-4.0,True,beethoven_sonata_09_mvmt_2,beethoven_sonata_09_mvmt_2,True,NONE
Ludwig van Beethoven,Control,DCMLab/beethoven_piano_sonatas,ea7181bff88abc8713257234f7ec4033178c57a9,09-3,MS3/09-3.mscx,Sonata no. 9 in op.14/1: 3. Rondo: Allegro comodo,op.14/1,3,MuseScore,None,True,True,CC-BY-NC-SA-4.0,True,beethoven_sonata_09_mvmt_3,beethoven_sonata_09_mvmt_3,True,NONE
Ludwig van Beethoven,Control,DCMLab/beethoven_piano_sonatas,ea7181bff88abc8713257234f7ec4033178c57a9,10-1,MS3/10-1.mscx,Sonata no. 10 in op.14/2: 1. Allegro,op.14/2,1,MuseScore,None,True,True,CC-BY-NC-SA-4.0,True,beethoven_sonata_10_mvmt_1,beethoven_sonata_10_mvmt_1,True,NONE
Ludwig van Beethoven,Control,DCMLab/beethoven_piano_sonatas,ea7181bff88abc8713257234f7ec4033178c57a9,10-2,MS3/10-2.mscx,Sonata no. 10 in op.14/2: 2. Andante,op.14/2,2,MuseScore,None,True,True,CC-BY-NC-SA-4.0,True,beethoven_sonata_10_mvmt_2,beethoven_sonata_10_mvmt_2,True,NONE
Ludwig van Beethoven,Control,DCMLab/beethoven_piano_sonatas,ea7181bff88abc8713257234f7ec4033178c57a9,10-3,MS3/10-3.mscx,Sonata no. 10 in op.14/2: 3. Scherzo: Allegro assai,op.14/2,3,MuseScore,None,True,True,CC-BY-NC-SA-4.0,True,beethoven_sonata_10_mvmt_3,beethoven_sonata_10_mvmt_3,True,NONE
Ludwig van Beethoven,Control,DCMLab/beethoven_piano_sonatas,ea7181bff88abc8713257234f7ec4033178c57a9,11-1,MS3/11-1.mscx,Sonata no. 11 in op.22: 1. Allegro con brio,op.22,1,MuseScore,None,True,True,CC-BY-NC-SA-4.0,True,beethoven_sonata_11_mvmt_1,beethoven_sonata_11_mvmt_1,True,NONE
Ludwig van Beethoven,Control,DCMLab/beethoven_piano_sonatas,ea7181bff88abc8713257234f7ec4033178c57a9,11-2,MS3/11-2.mscx,Sonata no. 11 in op.22: 2. Adagio con molto espressione,op.22,2,MuseScore,None,True,True,CC-BY-NC-SA-4.0,True,beethoven_sonata_11_mvmt_2,beethoven_sonata_11_mvmt_2,True,NONE
Ludwig van Beethoven,Control,DCMLab/beethoven_piano_sonatas,ea7181bff88abc8713257234f7ec4033178c57a9,11-3,MS3/11-3.mscx,Sonata no. 11 in op.22: 3. Menuetto,op.22,3,MuseScore,None,True,True,CC-BY-NC-SA-4.0,True,beethoven_sonata_11_mvmt_3,beethoven_sonata_11_mvmt_3,True,NONE
Ludwig van Beethoven,Control,DCMLab/beethoven_piano_sonatas,ea7181bff88abc8713257234f7ec4033178c57a9,11-4,MS3/11-4.mscx,Sonata no. 11 in op.22: 4. Rondo: Allegretto,op.22,4,MuseScore,None,True,True,CC-BY-NC-SA-4.0,True,beethoven_sonata_11_mvmt_4,beethoven_sonata_11_mvmt_4,True,NONE
Ludwig van Beethoven,Control,DCMLab/beethoven_piano_sonatas,ea7181bff88abc8713257234f7ec4033178c57a9,12-1,MS3/12-1.mscx,Sonata no. 12 in op.26: 1. Andante con variazioni,op.26,1,MuseScore,None,True,True,CC-BY-NC-SA-4.0,True,beethoven_sonata_12_mvmt_1,beethoven_sonata_12_mvmt_1,True,NONE
Ludwig van Beethoven,Control,DCMLab/beethoven_piano_sonatas,ea7181bff88abc8713257234f7ec4033178c57a9,12-2,MS3/12-2.mscx,Sonata no. 12 in op.26: 2. Scherzo: Allegro molto,op.26,2,MuseScore,None,True,True,CC-BY-NC-SA-4.0,True,beethoven_sonata_12_mvmt_2,beethoven_sonata_12_mvmt_2,True,NONE
Ludwig van Beethoven,Control,DCMLab/beethoven_piano_sonatas,ea7181bff88abc8713257234f7ec4033178c57a9,12-3,MS3/12-3.mscx,Sonata no. 12 in op.26: 3. Maestoso andante: Marcia funebre sulla morte d'n eroe,op.26,3,MuseScore,None,True,True,CC-BY-NC-SA-4.0,True,beethoven_sonata_12_mvmt_3,beethoven_sonata_12_mvmt_3,True,NONE
Ludwig van Beethoven,Control,DCMLab/beethoven_piano_sonatas,ea7181bff88abc8713257234f7ec4033178c57a9,12-4,MS3/12-4.mscx,Sonata no. 12 in op.26: 4. Allegro,op.26,4,MuseScore,None,True,True,CC-BY-NC-SA-4.0,True,beethoven_sonata_12_mvmt_4,beethoven_sonata_12_mvmt_4,True,NONE
Ludwig van Beethoven,Control,DCMLab/beethoven_piano_sonatas,ea7181bff88abc8713257234f7ec4033178c57a9,13-1,MS3/13-1.mscx,Sonata no. 13 'quasi una fantasia' in op.27/1: 1. Andante,op.27/1,1,MuseScore,None,True,True,CC-BY-NC-SA-4.0,True,beethoven_sonata_13_mvmt_1,beethoven_sonata_13_mvmt_1,True,NONE
Ludwig van Beethoven,Control,DCMLab/beethoven_piano_sonatas,ea7181bff88abc8713257234f7ec4033178c57a9,13-2,MS3/13-2.mscx,Sonata no. 13 'quasi una fantasia' in op.27/1: 2. Allegro molto e vivace,op.27/1,2,MuseScore,None,True,True,CC-BY-NC-SA-4.0,True,beethoven_sonata_13_mvmt_2,beethoven_sonata_13_mvmt_2,True,NONE
Ludwig van Beethoven,Control,DCMLab/beethoven_piano_sonatas,ea7181bff88abc8713257234f7ec4033178c57a9,13-3,MS3/13-3.mscx,Sonata no. 13 'quasi una fantasia' in op.27/1: 3. Adagio con espressione,op.27/1,3,MuseScore,None,True,True,CC-BY-NC-SA-4.0,True,beethoven_sonata_13_mvmt_3,beethoven_sonata_13_mvmt_3,True,NONE
Ludwig van Beethoven,Control,DCMLab/beethoven_piano_sonatas,ea7181bff88abc8713257234f7ec4033178c57a9,13-4,MS3/13-4.mscx,Sonata no. 13 'quasi una fantasia' in op.27/1: 4. Allegro vivace,op.27/1,4,MuseScore,None,True,True,CC-BY-NC-SA-4.0,True,beethoven_sonata_13_mvmt_4,beethoven_sonata_13_mvmt_4,True,NONE
Ludwig van Beethoven,Control,DCMLab/beethoven_piano_sonatas,ea7181bff88abc8713257234f7ec4033178c57a9,14-1,MS3/14-1.mscx,Sonata no. 'quasi una fantasia' ('Moonlight') in op.27/2: 1. Adagio sostenuto,op.27/2,1,MuseScore,None,True,True,CC-BY-NC-SA-4.0,True,beethoven_sonata_14_mvmt_1,beethoven_sonata_14_mvmt_1,True,NONE
Ludwig van Beethoven,Control,DCMLab/beethoven_piano_sonatas,ea7181bff88abc8713257234f7ec4033178c57a9,14-2,MS3/14-2.mscx,Sonata no. 'quasi una fantasia' ('Moonlight') in op.27/2: 2. Allegretto,op.27/2,2,MuseScore,None,True,True,CC-BY-NC-SA-4.0,True,beethoven_sonata_14_mvmt_2,beethoven_sonata_14_mvmt_2,True,NONE
Ludwig van Beethoven,Control,DCMLab/beethoven_piano_sonatas,ea7181bff88abc8713257234f7ec4033178c57a9,14-3,MS3/14-3.mscx,Sonata no. 'quasi una fantasia' ('Moonlight') in op.27/2: 3. Presto agitato,op.27/2,3,MuseScore,None,True,True,CC-BY-NC-SA-4.0,True,beethoven_sonata_14_mvmt_3,beethoven_sonata_14_mvmt_3,True,NONE
Ludwig van Beethoven,Control,DCMLab/beethoven_piano_sonatas,ea7181bff88abc8713257234f7ec4033178c57a9,15-1,MS3/15-1.mscx,Sonata no. 15 ('Pastoral') in op.28: 1. Allegro,op.28,1,MuseScore,None,True,True,CC-BY-NC-SA-4.0,True,beethoven_sonata_15_mvmt_1,beethoven_sonata_15_mvmt_1,True,NONE
Ludwig van Beethoven,Control,DCMLab/beethoven_piano_sonatas,ea7181bff88abc8713257234f7ec4033178c57a9,15-2,MS3/15-2.mscx,Sonata no. 15 ('Pastoral') in op.28: 2. Andante,op.28,2,MuseScore,None,True,True,CC-BY-NC-SA-4.0,True,beethoven_sonata_15_mvmt_2,beethoven_sonata_15_mvmt_2,True,NONE
Ludwig van Beethoven,Control,DCMLab/beethoven_piano_sonatas,ea7181bff88abc8713257234f7ec4033178c57a9,15-3,MS3/15-3.mscx,Sonata no. 15 ('Pastoral') in op.28: 3. Scherzo: Allegro vivace,op.28,3,MuseScore,None,True,True,CC-BY-NC-SA-4.0,True,beethoven_sonata_15_mvmt_3,beethoven_sonata_15_mvmt_3,True,NONE
Ludwig van Beethoven,Control,DCMLab/beethoven_piano_sonatas,ea7181bff88abc8713257234f7ec4033178c57a9,15-4,MS3/15-4.mscx,Sonata no. 15 ('Pastoral') in op.28: 4. Rondo: Allegro ma non troppo,op.28,4,MuseScore,None,True,True,CC-BY-NC-SA-4.0,True,beethoven_sonata_15_mvmt_4,beethoven_sonata_15_mvmt_4,True,NONE
Ludwig van Beethoven,Control,DCMLab/beethoven_piano_sonatas,ea7181bff88abc8713257234f7ec4033178c57a9,16-1,MS3/16-1.mscx,Sonata no. 16 in op.31/1: 1. Allegro vivace,op.31/1,1,MuseScore,None,True,True,CC-BY-NC-SA-4.0,True,beethoven_sonata_16_mvmt_1,beethoven_sonata_16_mvmt_1,True,NONE
Ludwig van Beethoven,Control,DCMLab/beethoven_piano_sonatas,ea7181bff88abc8713257234f7ec4033178c57a9,16-2,MS3/16-2.mscx,Sonata no. 16 in op.31/1: 2. Adagio grazioso,op.31/1,2,MuseScore,None,True,True,CC-BY-NC-SA-4.0,True,beethoven_sonata_16_mvmt_2,beethoven_sonata_16_mvmt_2,True,NONE
Ludwig van Beethoven,Control,DCMLab/beethoven_piano_sonatas,ea7181bff88abc8713257234f7ec4033178c57a9,16-3,MS3/16-3.mscx,Sonata no. 16 in op.31/1: 3. Rondo: Allegretto - presto,op.31/1,3,MuseScore,None,True,True,CC-BY-NC-SA-4.0,True,beethoven_sonata_16_mvmt_3,beethoven_sonata_16_mvmt_3,True,NONE
Ludwig van Beethoven,Control,DCMLab/beethoven_piano_sonatas,ea7181bff88abc8713257234f7ec4033178c57a9,17-1,MS3/17-1.mscx,Sonata no. 17 in op.31/2: 1. Largo: Allegro,op.31/2,1,MuseScore,None,True,True,CC-BY-NC-SA-4.0,True,beethoven_sonata_17_mvmt_1,beethoven_sonata_17_mvmt_1,True,NONE
Ludwig van Beethoven,Control,DCMLab/beethoven_piano_sonatas,ea7181bff88abc8713257234f7ec4033178c57a9,17-2,MS3/17-2.mscx,Sonata no. 17 in op.31/2: 2. Adagio,op.31/2,2,MuseScore,None,True,True,CC-BY-NC-SA-4.0,True,beethoven_sonata_17_mvmt_2,beethoven_sonata_17_mvmt_2,True,NONE
Ludwig van Beethoven,Control,DCMLab/beethoven_piano_sonatas,ea7181bff88abc8713257234f7ec4033178c57a9,17-3,MS3/17-3.mscx,Sonata no. 17 in op.31/2: 3. Allegretto,op.31/2,3,MuseScore,None,True,True,CC-BY-NC-SA-4.0,True,beethoven_sonata_17_mvmt_3,beethoven_sonata_17_mvmt_3,True,NONE
Ludwig van Beethoven,Control,DCMLab/beethoven_piano_sonatas,ea7181bff88abc8713257234f7ec4033178c57a9,18-1,MS3/18-1.mscx,Sonata no. 18 in op.31/3: 1. Allegro,op.31/3,1,MuseScore,None,True,True,CC-BY-NC-SA-4.0,True,beethoven_sonata_18_mvmt_1,beethoven_sonata_18_mvmt_1,True,NONE
Ludwig van Beethoven,Control,DCMLab/beethoven_piano_sonatas,ea7181bff88abc8713257234f7ec4033178c57a9,18-2,MS3/18-2.mscx,Sonata no. 18 in op.31/3: 2. Scherzo: Allegretto vivace,op.31/3,2,MuseScore,None,True,True,CC-BY-NC-SA-4.0,True,beethoven_sonata_18_mvmt_2,beethoven_sonata_18_mvmt_2,True,NONE
Ludwig van Beethoven,Control,DCMLab/beethoven_piano_sonatas,ea7181bff88abc8713257234f7ec4033178c57a9,18-3,MS3/18-3.mscx,Sonata no. 18 in op.31/3: 3. Menuetto: Moderato e grazioso,op.31/3,3,MuseScore,None,True,True,CC-BY-NC-SA-4.0,True,beethoven_sonata_18_mvmt_3,beethoven_sonata_18_mvmt_3,True,NONE
Ludwig van Beethoven,Control,DCMLab/beethoven_piano_sonatas,ea7181bff88abc8713257234f7ec4033178c57a9,18-4,MS3/18-4.mscx,Sonata no. 18 in op.31/3: 4. Presto con fuoco,op.31/3,4,MuseScore,None,True,True,CC-BY-NC-SA-4.0,True,beethoven_sonata_18_mvmt_4,beethoven_sonata_18_mvmt_4,True,NONE
Ludwig van Beethoven,Control,DCMLab/beethoven_piano_sonatas,ea7181bff88abc8713257234f7ec4033178c57a9,19-1,MS3/19-1.mscx,Sonata no. 19 in op.49/1: 1. Andante,op.49/1,1,MuseScore,None,True,True,CC-BY-NC-SA-4.0,True,beethoven_sonata_19_mvmt_1,beethoven_sonata_19_mvmt_1,True,NONE
Ludwig van Beethoven,Control,DCMLab/beethoven_piano_sonatas,ea7181bff88abc8713257234f7ec4033178c57a9,19-2,MS3/19-2.mscx,Sonata no. 19 in op.49/1: 2. Rondo: Allegro,op.49/1,2,MuseScore,None,True,True,CC-BY-NC-SA-4.0,True,beethoven_sonata_19_mvmt_2,beethoven_sonata_19_mvmt_2,True,NONE
Ludwig van Beethoven,Control,DCMLab/beethoven_piano_sonatas,ea7181bff88abc8713257234f7ec4033178c57a9,20-1,MS3/20-1.mscx,Sonata no. 20 in op.49/2: 1. Allegro ma non troppo,op.49/2,1,MuseScore,None,True,True,CC-BY-NC-SA-4.0,True,beethoven_sonata_20_mvmt_1,beethoven_sonata_20_mvmt_1,True,NONE
Ludwig van Beethoven,Control,DCMLab/beethoven_piano_sonatas,ea7181bff88abc8713257234f7ec4033178c57a9,20-2,MS3/20-2.mscx,Sonata no. 20 in op.49/2: 2. Tempo di Menuetto,op.49/2,2,MuseScore,None,True,True,CC-BY-NC-SA-4.0,True,beethoven_sonata_20_mvmt_2,beethoven_sonata_20_mvmt_2,True,NONE
Ludwig van Beethoven,Control,DCMLab/beethoven_piano_sonatas,ea7181bff88abc8713257234f7ec4033178c57a9,21-1,MS3/21-1.mscx,Sonata no. 21 'Waldstein' in op.53: 1. Allegro con brio,op.53,1,MuseScore,None,True,True,CC-BY-NC-SA-4.0,True,beethoven_sonata_21_mvmt_1,beethoven_sonata_21_mvmt_1,True,NONE
Ludwig van Beethoven,Control,DCMLab/beethoven_piano_sonatas,ea7181bff88abc8713257234f7ec4033178c57a9,21-2,MS3/21-2.mscx,Sonata no. 21 'Waldstein' in op.53: 2. Introduzione: Adagio molto,op.53,2,MuseScore,None,True,True,CC-BY-NC-SA-4.0,True,beethoven_sonata_21_mvmt_2,beethoven_sonata_21_mvmt_2,True,NONE
Ludwig van Beethoven,Control,DCMLab/beethoven_piano_sonatas,ea7181bff88abc8713257234f7ec4033178c57a9,21-3,MS3/21-3.mscx,Sonata no. 21 'Waldstein' in op.53: 3. Rondo: Allegretto moderato - Prestissimo,op.53,3,MuseScore,None,True,True,CC-BY-NC-SA-4.0,True,beethoven_sonata_21_mvmt_3,beethoven_sonata_21_mvmt_3,True,NONE
Ludwig van Beethoven,Control,DCMLab/beethoven_piano_sonatas,ea7181bff88abc8713257234f7ec4033178c57a9,23-1,MS3/23-1.mscx,Sonata no. 23 ('Appassionata') in op.57: 1. Allegro assai,op.57,1,MuseScore,None,True,True,CC-BY-NC-SA-4.0,True,beethoven_sonata_23_mvmt_1,beethoven_sonata_23_mvmt_1,True,NONE
Ludwig van Beethoven,Control,DCMLab/beethoven_piano_sonatas,ea7181bff88abc8713257234f7ec4033178c57a9,23-2,MS3/23-2.mscx,Sonata no. 23 ('Appassionata') in op.57: 2. Andante con moto,op.57,2,MuseScore,None,True,True,CC-BY-NC-SA-4.0,True,beethoven_sonata_23_mvmt_2,beethoven_sonata_23_mvmt_2,True,NONE
Ludwig van Beethoven,Control,DCMLab/beethoven_piano_sonatas,ea7181bff88abc8713257234f7ec4033178c57a9,23-3,MS3/23-3.mscx,Sonata no. 23 ('Appassionata') in op.57: 3. Allegro ma non troppo - Presto,op.57,3,MuseScore,None,True,True,CC-BY-NC-SA-4.0,True,beethoven_sonata_23_mvmt_3,beethoven_sonata_23_mvmt_3,True,NONE
Ludwig van Beethoven,Control,DCMLab/beethoven_piano_sonatas,ea7181bff88abc8713257234f7ec4033178c57a9,24-1,MS3/24-1.mscx,Sonata no. 24 in op.78: 1. Adagio cantabile - Allegro ma non broppo,op.78,1,MuseScore,None,True,True,CC-BY-NC-SA-4.0,True,beethoven_sonata_24_mvmt_1,beethoven_sonata_24_mvmt_1,True,NONE
Ludwig van Beethoven,Control,DCMLab/beethoven_piano_sonatas,ea7181bff88abc8713257234f7ec4033178c57a9,24-2,MS3/24-2.mscx,Sonata no. 24 in op.78: 2. Allegro vivace,op.78,2,MuseScore,None,True,True,CC-BY-NC-SA-4.0,True,beethoven_sonata_24_mvmt_2,beethoven_sonata_24_mvmt_2,True,NONE
Ludwig van Beethoven,Control,DCMLab/beethoven_piano_sonatas,ea7181bff88abc8713257234f7ec4033178c57a9,26-1,MS3/26-1.mscx,Sonata no. 26 'Les Adieux' in op.81a: 1. Das Lebewohl: Adagio - Allegro,op.81a,1,MuseScore,None,True,True,CC-BY-NC-SA-4.0,True,beethoven_sonata_26_mvmt_1,beethoven_sonata_26_mvmt_1,True,NONE
Ludwig van Beethoven,Control,DCMLab/beethoven_piano_sonatas,ea7181bff88abc8713257234f7ec4033178c57a9,26-2,MS3/26-2.mscx,Sonata no. 26 'Les Adieux' in op.81a: 2. Abwesenheit: Andante espressivo,op.81a,2,MuseScore,None,True,True,CC-BY-NC-SA-4.0,True,beethoven_sonata_26_mvmt_2,beethoven_sonata_26_mvmt_2,True,NONE
Ludwig van Beethoven,Control,DCMLab/beethoven_piano_sonatas,ea7181bff88abc8713257234f7ec4033178c57a9,26-3,MS3/26-3.mscx,Sonata no. 26 'Les Adieux' in op.81a: 3. Das Wiedersehen: Vivacissimamente,op.81a,3,MuseScore,None,True,True,CC-BY-NC-SA-4.0,True,beethoven_sonata_26_mvmt_3,beethoven_sonata_26_mvmt_3,True,NONE
Ludwig van Beethoven,Control,DCMLab/beethoven_piano_sonatas,ea7181bff88abc8713257234f7ec4033178c57a9,29-1,MS3/29-1.mscx,Sonata no. 29 (‘Hammerklavier’) in op.106: 1. Allegro,op.106,1,MuseScore,None,True,True,CC-BY-NC-SA-4.0,True,beethoven_sonata_29_mvmt_1,beethoven_sonata_29_mvmt_1,True,NONE
Ludwig van Beethoven,Control,DCMLab/beethoven_piano_sonatas,ea7181bff88abc8713257234f7ec4033178c57a9,29-2,MS3/29-2.mscx,Sonata no. 29 (‘Hammerklavier’) in op.106: 2. Scherzo. Assai vivace,op.106,2,MuseScore,None,True,True,CC-BY-NC-SA-4.0,True,beethoven_sonata_29_mvmt_2,beethoven_sonata_29_mvmt_2,True,NONE
Ludwig van Beethoven,Control,DCMLab/beethoven_piano_sonatas,ea7181bff88abc8713257234f7ec4033178c57a9,29-3,MS3/29-3.mscx,Sonata no. 29 (‘Hammerklavier’) in op.106: 3. Adagio sostenuto,op.106,3,MuseScore,None,True,True,CC-BY-NC-SA-4.0,True,beethoven_sonata_29_mvmt_3,beethoven_sonata_29_mvmt_3,True,NONE
Ludwig van Beethoven,Control,DCMLab/beethoven_piano_sonatas,ea7181bff88abc8713257234f7ec4033178c57a9,29-4,MS3/29-4.mscx,Sonata no. 29 (‘Hammerklavier’) in op.106: 4. Introduzione. Largo,op.106,4,MuseScore,None,True,True,CC-BY-NC-SA-4.0,True,beethoven_sonata_29_mvmt_4,beethoven_sonata_29_mvmt_4,True,NONE
Ludwig van Beethoven,Control,DCMLab/beethoven_piano_sonatas,ea7181bff88abc8713257234f7ec4033178c57a9,30-1,MS3/30-1.mscx,Sonata no. 30 in op.109: 1. Vivace ma non troppo - Adagio espressivo,op.109,1,MuseScore,None,True,True,CC-BY-NC-SA-4.0,True,beethoven_sonata_30_mvmt_1,beethoven_sonata_30_mvmt_1,True,NONE
Ludwig van Beethoven,Control,DCMLab/beethoven_piano_sonatas,ea7181bff88abc8713257234f7ec4033178c57a9,30-2,MS3/30-2.mscx,Sonata no. 30 in op.109: 2. Prestissimo,op.109,2,MuseScore,None,True,True,CC-BY-NC-SA-4.0,True,beethoven_sonata_30_mvmt_2,beethoven_sonata_30_mvmt_2,True,NONE
Ludwig van Beethoven,Control,DCMLab/beethoven_piano_sonatas,ea7181bff88abc8713257234f7ec4033178c57a9,30-3,MS3/30-3.mscx,"Sonata no. 30 in op.109: 3. Gesangvoll, mit innigster Empfindung: Andante molto cantabile ed espressivo",op.109,3,MuseScore,None,True,True,CC-BY-NC-SA-4.0,True,beethoven_sonata_30_mvmt_3,beethoven_sonata_30_mvmt_3,True,NONE
Ludwig van Beethoven,Control,DCMLab/beethoven_piano_sonatas,ea7181bff88abc8713257234f7ec4033178c57a9,31-1,MS3/31-1.mscx,Sonata no. 31 in op.110: 1. Moderato cantabile molto espressivo,op.110,1,MuseScore,None,True,True,CC-BY-NC-SA-4.0,True,beethoven_sonata_31_mvmt_1,beethoven_sonata_31_mvmt_1,True,NONE
Ludwig van Beethoven,Control,DCMLab/beethoven_piano_sonatas,ea7181bff88abc8713257234f7ec4033178c57a9,31-2,MS3/31-2.mscx,Sonata no. 31 in op.110: 2. Allegro molto,op.110,2,MuseScore,None,True,True,CC-BY-NC-SA-4.0,True,beethoven_sonata_31_mvmt_2,beethoven_sonata_31_mvmt_2,True,NONE
Ludwig van Beethoven,Control,DCMLab/beethoven_piano_sonatas,ea7181bff88abc8713257234f7ec4033178c57a9,31-3,MS3/31-3.mscx,Sonata no. 31 in op.110: 3. Adagio ma non troppo - Allegro ma non troppo,op.110,3,MuseScore,None,True,True,CC-BY-NC-SA-4.0,True,beethoven_sonata_31_mvmt_3,beethoven_sonata_31_mvmt_3,True,NONE
Ludwig van Beethoven,Control,DCMLab/beethoven_piano_sonatas,ea7181bff88abc8713257234f7ec4033178c57a9,32-1,MS3/32-1.mscx,Sonata no. 32 in op.111: 1. Maestoso - Allegro con brio ed appassionato,op.111,1,MuseScore,None,True,True,CC-BY-NC-SA-4.0,True,beethoven_sonata_32_mvmt_1,beethoven_sonata_32_mvmt_1,True,NONE
Ludwig van Beethoven,Control,DCMLab/beethoven_piano_sonatas,ea7181bff88abc8713257234f7ec4033178c57a9,32-2,MS3/32-2.mscx,Sonata no. 32 in op.111: 2. Arietta: Adagio molto semplice e cantabile,op.111,2,MuseScore,None,True,True,CC-BY-NC-SA-4.0,True,beethoven_sonata_32_mvmt_2,beethoven_sonata_32_mvmt_2,True,NONE
Mily Balakirev,Russian,fosfrancesco/asap-dataset,master,Balakirev/Islamey/xml_score.musicxml,Balakirev/Islamey/xml_score.musicxml,Islamey: Oriental Fantasy,Op. 18,1,MusicXML,None,True,True,CC-BY-NC-SA-4.0,True,balakirev_op18_islamey,balakirev_op18_islamey,False,DUPLICATE_PRIORITIZED_PRIMARY_RECORD_ACCEPTED
Mily Balakirev,Russian,SyMuPe/PERiScoPe,v1.1,"Mily_Balakirev/Islamey,_Op.18/score.musicxml","Mily_Balakirev/Islamey,_Op.18/score.musicxml","Islamey: Oriental Fantasy, Op. 18",Op. 18,1,MusicXML,None,True,True,CC-BY-NC-SA-4.0,True,balakirev_op18_islamey,balakirev_op18_islamey,True,NONE
Mily Balakirev,Russian,SyMuPe/PERiScoPe,v1.1,Mily_Balakirev/Toccata/score.mxl,Mily_Balakirev/Toccata/score.mxl,Toccata in C-sharp minor,None,1,MusicXML,None,True,True,CC-BY-NC-SA-4.0,True,balakirev_toccata,balakirev_toccata,True,NONE
Modest Mussorgsky,Russian,SyMuPe/PERiScoPe,v1.1,Modest_Mussorgsky/Impromptu_passione/score.mxl,v1.1/scores/Modest_Mussorgsky/Impromptu_passione/score.mxl,Impromptu passione,None,1,MusicXML,None,True,True,CC-BY-NC-SA-4.0,True,mussorgsky_impromptu_passione,mussorgsky_impromptu_passione,True,NONE
Modest Mussorgsky,Russian,SyMuPe/PERiScoPe,v1.1,Modest_Mussorgsky/Memories_of_Childhood/score.mxl,v1.1/scores/Modest_Mussorgsky/Memories_of_Childhood/score.mxl,Memories of Childhood,None,1,MusicXML,None,True,True,CC-BY-NC-SA-4.0,True,mussorgsky_memories_of_childhood,mussorgsky_memories_of_childhood,True,NONE
Modest Mussorgsky,Russian,SyMuPe/PERiScoPe,v1.1,Modest_Mussorgsky/Pictures_at_an_Exhibition/I._Gnomus/score.mxl,v1.1/scores/Modest_Mussorgsky/Pictures_at_an_Exhibition/I._Gnomus/score.mxl,Pictures at an Exhibition: I. Gnomus,None,I. Gnomus,MusicXML,None,True,True,CC-BY-NC-SA-4.0,True,mussorgsky_pictures_at_an_exhibition_i._gnomus,mussorgsky_pictures_at_an_exhibition_i._gnomus,True,NONE
Modest Mussorgsky,Russian,SyMuPe/PERiScoPe,v1.1,Modest_Mussorgsky/Pictures_at_an_Exhibition/II._Old_Castle/score.mxl,v1.1/scores/Modest_Mussorgsky/Pictures_at_an_Exhibition/II._Old_Castle/score.mxl,Pictures at an Exhibition: II. Old Castle,None,II. Old Castle,MusicXML,None,True,True,CC-BY-NC-SA-4.0,True,mussorgsky_pictures_at_an_exhibition_ii._old_castle,mussorgsky_pictures_at_an_exhibition_ii._old_castle,True,NONE
Modest Mussorgsky,Russian,SyMuPe/PERiScoPe,v1.1,Modest_Mussorgsky/Pictures_at_an_Exhibition/III._Tuileries/score.mxl,v1.1/scores/Modest_Mussorgsky/Pictures_at_an_Exhibition/III._Tuileries/score.mxl,Pictures at an Exhibition: III. Tuileries,None,III. Tuileries,MusicXML,None,True,True,CC-BY-NC-SA-4.0,True,mussorgsky_pictures_at_an_exhibition_iii._tuileries,mussorgsky_pictures_at_an_exhibition_iii._tuileries,True,NONE
Modest Mussorgsky,Russian,SyMuPe/PERiScoPe,v1.1,Modest_Mussorgsky/Pictures_at_an_Exhibition/IV._Bydlo/score.mxl,v1.1/scores/Modest_Mussorgsky/Pictures_at_an_Exhibition/IV._Bydlo/score.mxl,Pictures at an Exhibition: IV. Bydlo,None,IV. Bydlo,MusicXML,None,True,True,CC-BY-NC-SA-4.0,True,mussorgsky_pictures_at_an_exhibition_iv._bydlo,mussorgsky_pictures_at_an_exhibition_iv._bydlo,True,NONE
Modest Mussorgsky,Russian,SyMuPe/PERiScoPe,v1.1,Modest_Mussorgsky/Pictures_at_an_Exhibition/IX._The_Hut_on_Fowl's_Legs_(Baba-Yaga)/score.mxl,v1.1/scores/Modest_Mussorgsky/Pictures_at_an_Exhibition/IX._The_Hut_on_Fowl's_Legs_(Baba-Yaga)/score.mxl,Pictures at an Exhibition: IX. The Hut on Fowl's Legs (Baba-Yaga),None,IX. The Hut on Fowl's Legs (Baba-Yaga),MusicXML,None,True,True,CC-BY-NC-SA-4.0,True,mussorgsky_pictures_at_an_exhibition_ix._the_hut_on_fowl's_legs_(baba-yaga),mussorgsky_pictures_at_an_exhibition_ix._the_hut_on_fowl's_legs_(baba-yaga),True,NONE
Modest Mussorgsky,Russian,SyMuPe/PERiScoPe,v1.1,Modest_Mussorgsky/Pictures_at_an_Exhibition/Promenade/score.mxl,v1.1/scores/Modest_Mussorgsky/Pictures_at_an_Exhibition/Promenade/score.mxl,Pictures at an Exhibition: Promenade,None,Promenade,MusicXML,None,True,True,CC-BY-NC-SA-4.0,True,mussorgsky_pictures_at_an_exhibition_promenade,mussorgsky_pictures_at_an_exhibition_promenade,True,NONE
Modest Mussorgsky,Russian,SyMuPe/PERiScoPe,v1.1,Modest_Mussorgsky/Pictures_at_an_Exhibition/Promenade_II._Moderato_commodo_assai_e_con_delicatezza/score.mxl,v1.1/scores/Modest_Mussorgsky/Pictures_at_an_Exhibition/Promenade_II._Moderato_commodo_assai_e_con_delicatezza/score.mxl,Pictures at an Exhibition: Promenade II. Moderato commodo assai e con delicatezza,None,Promenade II. Moderato commodo assai e con delicatezza,MusicXML,None,True,True,CC-BY-NC-SA-4.0,True,mussorgsky_pictures_at_an_exhibition_promenade_ii._moderato_commodo_assai_e_con_delicatezza,mussorgsky_pictures_at_an_exhibition_promenade_ii._moderato_commodo_assai_e_con_delicatezza,True,NONE
Modest Mussorgsky,Russian,SyMuPe/PERiScoPe,v1.1,"Modest_Mussorgsky/Pictures_at_an_Exhibition/Promenade_III._Moderato_non_tanto,_pesamente/score.mxl","v1.1/scores/Modest_Mussorgsky/Pictures_at_an_Exhibition/Promenade_III._Moderato_non_tanto,_pesamente/score.mxl","Pictures at an Exhibition: Promenade III. Moderato non tanto, pesamente",None,"Promenade III. Moderato non tanto, pesamente",MusicXML,None,True,True,CC-BY-NC-SA-4.0,True,"mussorgsky_pictures_at_an_exhibition_promenade_iii._moderato_non_tanto,_pesamente","mussorgsky_pictures_at_an_exhibition_promenade_iii._moderato_non_tanto,_pesamente",True,NONE
Modest Mussorgsky,Russian,SyMuPe/PERiScoPe,v1.1,Modest_Mussorgsky/Pictures_at_an_Exhibition/Promenade_IV._Tranquillo/score.mxl,v1.1/scores/Modest_Mussorgsky/Pictures_at_an_Exhibition/Promenade_IV._Tranquillo/score.mxl,Pictures at an Exhibition: Promenade IV. Tranquillo,None,Promenade IV. Tranquillo,MusicXML,None,True,True,CC-BY-NC-SA-4.0,True,mussorgsky_pictures_at_an_exhibition_promenade_iv._tranquillo,mussorgsky_pictures_at_an_exhibition_promenade_iv._tranquillo,True,NONE
Modest Mussorgsky,Russian,SyMuPe/PERiScoPe,v1.1,Modest_Mussorgsky/Pictures_at_an_Exhibition/Promenade_V/score.mxl,v1.1/scores/Modest_Mussorgsky/Pictures_at_an_Exhibition/Promenade_V/score.mxl,Pictures at an Exhibition: Promenade V,None,Promenade V,MusicXML,None,True,True,CC-BY-NC-SA-4.0,True,mussorgsky_pictures_at_an_exhibition_promenade_v,mussorgsky_pictures_at_an_exhibition_promenade_v,True,NONE
Modest Mussorgsky,Russian,SyMuPe/PERiScoPe,v1.1,Modest_Mussorgsky/Pictures_at_an_Exhibition/V._Ballet_of_the_Chickens_in_their_Shells/score.mxl,v1.1/scores/Modest_Mussorgsky/Pictures_at_an_Exhibition/V._Ballet_of_the_Chickens_in_their_Shells/score.mxl,Pictures at an Exhibition: V. Ballet of the Chickens in their Shells,None,V. Ballet of the Chickens in their Shells,MusicXML,None,True,True,CC-BY-NC-SA-4.0,True,mussorgsky_pictures_at_an_exhibition_v._ballet_of_the_chickens_in_their_shells,mussorgsky_pictures_at_an_exhibition_v._ballet_of_the_chickens_in_their_shells,True,NONE
Modest Mussorgsky,Russian,SyMuPe/PERiScoPe,v1.1,Modest_Mussorgsky/Pictures_at_an_Exhibition/VI._Samuel_Goldenberg_and_Schmuyle/score.mxl,v1.1/scores/Modest_Mussorgsky/Pictures_at_an_Exhibition/VI._Samuel_Goldenberg_and_Schmuyle/score.mxl,Pictures at an Exhibition: VI. Samuel Goldenberg and Schmuyle,None,VI. Samuel Goldenberg and Schmuyle,MusicXML,None,True,True,CC-BY-NC-SA-4.0,True,mussorgsky_pictures_at_an_exhibition_vi._samuel_goldenberg_and_schmuyle,mussorgsky_pictures_at_an_exhibition_vi._samuel_goldenberg_and_schmuyle,True,NONE
Modest Mussorgsky,Russian,SyMuPe/PERiScoPe,v1.1,Modest_Mussorgsky/Pictures_at_an_Exhibition/VII._The_Market-Place_at_Limoges/score.mxl,v1.1/scores/Modest_Mussorgsky/Pictures_at_an_Exhibition/VII._The_Market-Place_at_Limoges/score.mxl,Pictures at an Exhibition: VII. The Market-Place at Limoges,None,VII. The Market-Place at Limoges,MusicXML,None,True,True,CC-BY-NC-SA-4.0,True,mussorgsky_pictures_at_an_exhibition_vii._the_market-place_at_limoges,mussorgsky_pictures_at_an_exhibition_vii._the_market-place_at_limoges,True,NONE
Modest Mussorgsky,Russian,SyMuPe/PERiScoPe,v1.1,Modest_Mussorgsky/Pictures_at_an_Exhibition/VIII._Catacombae_(Sepulcrum_romanum)/score.mxl,v1.1/scores/Modest_Mussorgsky/Pictures_at_an_Exhibition/VIII._Catacombae_(Sepulcrum_romanum)/score.mxl,Pictures at an Exhibition: VIII. Catacombae (Sepulcrum romanum),None,VIII. Catacombae (Sepulcrum romanum),MusicXML,None,True,True,CC-BY-NC-SA-4.0,True,mussorgsky_pictures_at_an_exhibition_viii._catacombae_(sepulcrum_romanum),mussorgsky_pictures_at_an_exhibition_viii._catacombae_(sepulcrum_romanum),True,NONE
Modest Mussorgsky,Russian,SyMuPe/PERiScoPe,v1.1,Modest_Mussorgsky/Pictures_at_an_Exhibition/X._The_Great_Gate_at_Kiev/score.mxl,v1.1/scores/Modest_Mussorgsky/Pictures_at_an_Exhibition/X._The_Great_Gate_at_Kiev/score.mxl,Pictures at an Exhibition: X. The Great Gate at Kiev,None,X. The Great Gate at Kiev,MusicXML,None,True,True,CC-BY-NC-SA-4.0,True,mussorgsky_pictures_at_an_exhibition_x._the_great_gate_at_kiev,mussorgsky_pictures_at_an_exhibition_x._the_great_gate_at_kiev,True,NONE
Modest Mussorgsky,Russian,SyMuPe/PERiScoPe,v1.1,Modest_Mussorgsky/The_Seamstress/score.mxl,v1.1/scores/Modest_Mussorgsky/The_Seamstress/score.mxl,The Seamstress,None,1,MusicXML,None,True,True,CC-BY-NC-SA-4.0,True,mussorgsky_the_seamstress,mussorgsky_the_seamstress,True,NONE
Sergei Lyapunov,Russian,SyMuPe/PERiScoPe,v1.1,"Sergey_Lyapunov/12_Études_d'exécution_transcendante,_Op.11/1._Berceuse/score.mxl","v1.1/scores/Sergey_Lyapunov/12_Études_d'exécution_transcendante,_Op.11/1._Berceuse/score.mxl","12 Études d'exécution transcendante, Op. 11: No. 1 Berceuse",Op. 11,1,MusicXML,None,True,True,CC-BY-NC-SA-4.0,True,lyapunov_op11_no01,lyapunov_op11_no01,True,NONE
Sergei Prokofiev,Russian,fosfrancesco/asap-dataset,master,Prokofiev/Toccata/xml_score.musicxml,Prokofiev/Toccata/xml_score.musicxml,"Toccata in D minor, Op. 11",Op. 11,1,MusicXML,None,True,True,CC-BY-NC-SA-4.0,True,prokofiev_op11_toccata,prokofiev_op11_toccata,False,DUPLICATE_PRIORITIZED_PRIMARY_RECORD_ACCEPTED
Sergei Prokofiev,Russian,SyMuPe/PERiScoPe,v1.1,"Sergei_Prokofiev/Toccata,_Op.11/score.musicxml","Sergei_Prokofiev/Toccata,_Op.11/score.musicxml","Toccata in D minor, Op. 11",Op. 11,1,MusicXML,None,True,True,CC-BY-NC-SA-4.0,True,prokofiev_op11_toccata,prokofiev_op11_toccata,True,NONE
Sergei Prokofiev,Russian,Stanford CCARH KernScores,2026-snapshot,ccarh/prokofiev-op22_no01.krn,ccarh/prokofiev-op22_no01.krn,"Visions Fugitives, Op. 22: No. 1 Lentamente",Op. 22,1,**kern,None,True,True,CC-BY-NC-SA-4.0,True,prokofiev_op22_no01,prokofiev_op22_no01,True,NONE
Sergei Prokofiev,Russian,SyMuPe/PERiScoPe,v1.1,"Sergei_Prokofiev/Visions_Fugitives,_Op._22/No._10_-_Ridicolosamente/score.mxl","Sergei_Prokofiev/Visions_Fugitives,_Op._22/No._10_-_Ridicolosamente/score.mxl","Visions Fugitives, Op. 22: No. 10 Ridicolosamente",Op. 22,10,MusicXML,None,True,True,CC-BY-NC-SA-4.0,True,prokofiev_op22_no10,prokofiev_op22_no10,True,NONE
Sergei Prokofiev,Russian,Stanford CCARH KernScores,2026-snapshot,ccarh/prokofiev-op22_no16.krn,ccarh/prokofiev-op22_no16.krn,"Visions Fugitives, Op. 22: No. 16 Dolente",Op. 22,16,**kern,None,True,True,CC-BY-NC-SA-4.0,True,prokofiev_op22_no16,prokofiev_op22_no16,True,NONE
Sergei Taneyev,Russian,"Audited open repositories (KernScores, PDMX, PERiScoPe, ATEPP, PianoCoRe)",exhausted_audit_2026,none,none,none,none,none,none,none,False,False,none,False,none,none,False,ZERO_SYMBOLIC_SOLO_PIANO_PIECES_AVAILABLE
